,Yesdraft,Nodraft,Player
0,0.782,0.218,Isaiah Felder
1,0.48,0.52,Jalen Coleman-Lands
2,0.472,0.528,K.J. Walton
3,0.462,0.538,Jeriah Horne
4,0.512,0.488,Eric Curry
5,0.482,0.518,Jailyn Ingram
6,0.456,0.544,Quentin Jackson Jr.
7,0.504,0.496,Charlie Moore
8,0.506,0.494,Ben Shungu
9,0.506,0.494,Keon Clergeot
10,0.478,0.522,Bryce Aiken
11,0.502,0.498,Peter Kiss
12,0.484,0.516,George Willborn III
13,0.614,0.386,Kevin Marfo
14,0.484,0.516,Jair Bolden
15,0.52,0.48,
16,0.48,0.52,Davion Mintz
17,0.444,0.556,Tyson Jolly
18,0.5,0.5,AJ Wilson
19,0.352,0.648,Xavier Green
20,0.498,0.502,Tareq Coburn
21,0.678,0.322,Tavian Dunn-Martin
22,0.372,0.628,Jakolby Long
23,0.506,0.494,Taze Moore
24,0.524,0.476,Justin Edler-Davis
25,0.382,0.618,Greg Lee
26,0.462,0.538,Brandon Johnson
27,0.496,0.504,Nick Robinson
28,0.488,0.512,Grant Golden
29,0.568,0.432,De'Monte Buckingham
30,0.456,0.544,
31,0.494,0.506,Chance Garvin
32,0.668,0.332,Perry Francois
33,0.51,0.49,
34,0.506,0.494,Randy Miller Jr.
35,0.524,0.476,Ryan Gomes
36,0.52,0.48,Nolan Taylor
37,0.45,0.55,Scott Spencer
38,0.488,0.512,Algevon Eichelberger
39,0.686,0.314,Eron Gordon
40,0.76,0.24,Mitch Lightfoot
41,0.514,0.486,Nate Johnson
42,0.636,0.364,Drew Buggs
43,0.45,0.55,Devin Kirby
44,0.512,0.488,
45,0.482,0.518,Ben Coupet Jr.
46,0.48,0.52,Kenny Cooper
47,0.476,0.524,James Scott
48,0.46,0.54,Nick Hopkins
49,0.62,0.38,DeAndre Dishman
50,0.728,0.272,Osinachi Smart
51,0.396,0.604,Corey Allen
52,0.468,0.532,Justin Hopkins
53,0.416,0.584,Damien Sears
54,0.496,0.504,Patrick Tape
55,0.606,0.394,Jordan Bell
56,0.482,0.518,Jalen Dupree
57,0.56,0.44,Abdul Ado
58,0.988,0.012,Jaylen Fornes
59,0.496,0.504,Stafford Trueheart
60,0.518,0.482,Dejuan Clayton
61,0.518,0.482,Trevor Anderson
62,0.684,0.316,Rodney Miller Jr.
63,0.506,0.494,Brevin Galloway
64,0.518,0.482,Chevez Goodwin
65,0.384,0.616,Mike Henn
66,0.63,0.37,Ty Graves
67,0.784,0.216,Jeremy Sheppard
68,0.468,0.532,Shawn Williams
69,0.506,0.494,Ty Groce
70,0.474,0.526,Chris Lester
71,0.506,0.494,Dimencio Vaughn
72,0.514,0.486,Ahsante Shivers
73,0.406,0.594,Shandon Goldman
74,0.466,0.534,Andre Jones
75,0.402,0.598,Josh Parrish
76,0.502,0.498,Tyler Stewart
77,0.516,0.484,Nysier Brooks
78,0.512,0.488,C.J. Keyser
79,0.492,0.508,Jordan Jones
80,0.414,0.586,Precious Ayah
81,0.53,0.47,Andrew Garcia
82,0.482,0.518,Michael Almonacy
83,0.412,0.588,Darian Adams
84,0.516,0.484,Jannson Williams
85,0.492,0.508,Josh Ayeni
86,0.502,0.498,Joshua Tomiac
87,0.49,0.51,Jared Chatham
88,0.488,0.512,Jacob Young
89,0.484,0.516,Andrew Jones
90,0.548,0.452,Seth Towns
91,0.48,0.52,Mikey Dixon
92,0.382,0.618,John Pettway
93,0.508,0.492,Kellon Taylor
94,0.39,0.61,Chuba Ohams
95,0.472,0.528,Najee Garvin
96,0.698,0.302,Evan Clayborne
97,0.45,0.55,Jake Killingsworth
98,0.504,0.496,Ty Flowers
99,0.432,0.568,Brison Gresham
100,0.546,0.454,Damari Parris
101,0.406,0.594,Dallas Walton
102,0.472,0.528,Xavier Bishop
103,0.416,0.584,Dylan Painter
104,0.494,0.506,John Hall
105,0.632,0.368,Brock Bertram
106,0.694,0.306,Harrison Henderson
107,0.516,0.484,Bitumba Baruti
108,0.49,0.51,Sammy Friday IV
109,0.432,0.568,
110,0.73,0.27,Khadim Sy
111,0.486,0.514,
112,0.486,0.514,Daron Henson
113,0.5,0.5,Koby McEwen
114,0.384,0.616,Justin Roberts
115,0.546,0.454,Jason Carter
116,0.538,0.462,Tre Clark
117,0.488,0.512,Kameron McGusty
118,0.512,0.488,Jordan Shepherd
119,0.518,0.482,Frederick Scott
120,0.548,0.452,Johnny McCants
121,0.476,0.524,Rasheem Dunn
122,0.436,0.564,Tommy Kuhse
123,0.476,0.524,Elijah Thomas
124,0.508,0.492,Juwan Gray
125,0.51,0.49,Nikola Djogo
126,0.46,0.54,Colby Leifson
127,0.516,0.484,Aher Uguak
128,0.512,0.488,Bryson Williams
129,0.494,0.506,Jacob Davison
130,0.474,0.526,Everett Winchester
131,0.44,0.56,A.J. Lawson
132,0.518,0.482,Dontay Bassett
133,0.474,0.526,David Jean-Baptiste
134,0.516,0.484,Rodney Chatman
135,0.432,0.568,Makale Foreman
136,0.428,0.572,Chuck Champion
137,0.484,0.516,Sam Green
138,0.52,0.48,Reginald Gee
139,0.514,0.486,Ray Salnave
140,0.46,0.54,Payton Willis
141,0.508,0.492,John Fulkerson
142,0.464,0.536,Clevon Brown
143,0.512,0.488,Jalen Johnson
144,0.442,0.558,Lazaro Rojas
145,0.512,0.488,Quan Jackson
146,0.484,0.516,Bryce Nze
147,0.492,0.508,Mason Faulkner
148,0.656,0.344,Seventh Woods
149,0.508,0.492,Aaron Cook
150,0.44,0.56,
151,0.502,0.498,
152,0.474,0.526,Salif Boudie
153,0.452,0.548,
154,0.446,0.554,Christian Willis
155,0.494,0.506,Te'Jon Lucas
156,0.612,0.388,Jordan Bohannon
157,0.404,0.596,Milos Jovic
158,0.49,0.51,Justin Kier
159,0.506,0.494,Nana Akenten
160,0.492,0.508,Thomas Allen
161,0.51,0.49,LaDavius Draine
162,0.522,0.478,Trey Wade
163,0.616,0.384,Kyle Young
164,0.512,0.488,Anthony Gaines
165,0.524,0.476,David Maynard
166,0.482,0.518,Pauly Paulicap
167,0.538,0.462,Andrew Platek
168,0.514,0.486,Jason Strong
169,0.55,0.45,Tomas Murphy
170,0.476,0.524,Brandon McKissic
171,0.482,0.518,Jack Perry
172,0.472,0.528,Ra Kpedi
173,0.528,0.472,Bailey Patella
174,0.556,0.444,Emmanuel Akot
175,0.496,0.504,Alex Barcello
176,0.55,0.45,Maxwell Evans
177,0.526,0.474,Grant Anticevich
178,0.47,0.53,Austin McCullough
179,0.512,0.488,Justice Sueing
180,0.478,0.522,
181,0.404,0.596,
182,0.486,0.514,Brad Davison
183,0.492,0.508,
184,0.764,0.236,Taj Benning
185,0.55,0.45,
186,0.662,0.338,Marcus Carr
187,0.486,0.514,Terrell Brown
188,0.462,0.538,Jordan Davis
189,0.482,0.518,Vance Jackson Jr.
190,0.524,0.476,
191,0.488,0.512,Nike Sibande
192,0.48,0.52,Donovan Sims
193,0.57,0.43,Kevin McAdoo
194,0.516,0.484,Jalen Gibbs
195,0.488,0.512,Tydus Verhoeven
196,0.36,0.64,Nicholas Kratholm
197,0.506,0.494,Eric Williams Jr.
198,0.538,0.462,Goanar Mar
199,0.482,0.518,
200,0.506,0.494,
201,0.472,0.528,
202,0.514,0.486,
203,0.482,0.518,Scott Blakney
204,0.792,0.208,Admir Besovic
205,0.656,0.344,Eli Brooks
206,0.402,0.598,Darius McNeill
207,0.454,0.546,Bryan Trimble Jr.
208,0.412,0.588,Jamaree Bouyea
209,0.414,0.586,
210,0.466,0.534,Marco Anthony
211,0.522,0.478,Izaiah Brockington
212,0.41,0.59,Alex O'Connell
213,0.894,0.106,Jalen Ray
214,0.444,0.556,Evan Gilyard II
215,0.476,0.524,Daeqwon Plowden
216,0.76,0.24,Nelly Cummings
217,0.496,0.504,Blake Huggins
218,0.642,0.358,James Reese
219,0.502,0.498,Fatts Russell
220,0.504,0.496,Maceo Jack
221,0.47,0.53,Terry Nolan Jr.
222,0.494,0.506,Justin Mazzulla
223,0.766,0.234,Greg Calixte
224,0.542,0.458,Tshiefu Ngalakulondi
225,0.484,0.516,Elyjah Williams
226,0.5,0.5,Sean Price
227,0.708,0.292,
228,0.46,0.54,
229,0.48,0.52,
230,0.496,0.504,
231,0.474,0.526,Desmond Cambridge Jr.
232,0.458,0.542,Lenell Henry
233,0.472,0.528,John Harrar
234,0.482,0.518,Jamari Wheeler
235,0.432,0.568,Garrison Brooks
236,0.692,0.308,Walker Miller
237,0.508,0.492,Brandon Huffman
238,0.476,0.524,P.J. Horne
239,0.538,0.462,Ejike Obinna
240,0.474,0.526,Trae Berhow
241,0.532,0.468,Cam Allen
242,0.444,0.556,Jade' Smith
243,0.428,0.572,Joe Quintana
244,0.504,0.496,Levi Stockard III
245,0.486,0.514,Mike McGuirl
246,0.352,0.648,Chris Teahan
247,0.508,0.492,Simon Wright
248,0.44,0.56,Jacob Rigoni
249,0.42,0.58,Rich Kelly
250,0.462,0.538,Chris Sodom
251,0.392,0.608,Jaden Sayles
252,0.534,0.466,Stef Smith
253,0.474,0.526,Bryce Moragne
254,0.442,0.558,Javon Levi
255,0.516,0.484,Josip Vrankic
256,0.954,0.046,Shaquille Walters
257,0.496,0.504,Marco Smith
258,0.43,0.57,Justin McCall
259,0.372,0.628,Christian David
260,0.424,0.576,Jerald Gillens-Butler
261,0.576,0.424,Cooper Neese
262,0.566,0.434,Aaron Thompson
263,0.944,0.056,Holland Woods
264,0.514,0.486,Wyatt Wilkes
265,0.54,0.46,Malek Green
266,0.526,0.474,Ike Obiagu
267,0.474,0.526,Anthony Polite
268,0.546,0.454,
269,0.518,0.482,Jordan Whitfield
270,0.494,0.506,Phlandrous Fleming Jr.
271,0.524,0.476,Jaheam Cornwall
272,0.568,0.432,Dajour Dickens
273,0.446,0.554,Paul Scruggs
274,0.456,0.544,Greg Elliott
275,0.492,0.508,Theo John
276,0.516,0.484,Makai Ashton-Langford
277,0.446,0.554,Jamal Cain
278,0.51,0.49,Nate Watson
279,0.432,0.568,Jermaine Jackson Jr.
280,0.436,0.564,Bourama Sidibe
281,0.486,0.514,Javante McCoy
282,0.454,0.546,Sukhmail Mathon
283,0.482,0.518,Walter Whyte
284,0.502,0.498,Paul Newman
285,0.346,0.654,Jimmy Sotos
286,0.4,0.6,Connor McCaffery
287,0.406,0.594,Ryan McAdoo
288,0.5,0.5,Jase Febres
289,0.506,0.494,Marquis Godwin
290,0.512,0.488,Zach Jacobs
291,0.492,0.508,Zach Cooks
292,0.462,0.538,Isaiah Banks
293,0.486,0.514,Amorie Archibald
294,0.48,0.52,Exavian Christon
295,0.468,0.532,Trent Frazier
296,0.424,0.576,Ricky Nelson
297,0.418,0.582,Michal Kozak
298,0.494,0.506,Cedrick Alley Jr.
299,0.52,0.48,Ethan Chargois
300,0.486,0.514,William Douglas
301,0.508,0.492,Fabian White Jr.
302,0.722,0.278,Keegan McDowell
303,0.636,0.364,Justyn Mutts
304,0.702,0.298,Victor Enoh
305,0.656,0.344,Jamal Johnson
306,0.522,0.478,Daniel Akin
307,0.474,0.526,Brandon Horvath
308,0.51,0.49,Jacob Gilyard
309,0.47,0.53,Stacy Beckton Jr.
310,0.448,0.552,
311,0.494,0.506,Taylor Funk
312,0.562,0.438,Rocky Kreuser
313,0.512,0.488,Noah Frederking
314,0.454,0.546,Hunter Maldonado
315,0.652,0.348,Rylan Bergersen
316,0.472,0.528,Brock Miller
317,0.442,0.558,Dwight Wilson III
318,0.44,0.56,Mark Flagg
319,0.49,0.51,Noah Horchler
320,0.504,0.496,Jalen Jordan
321,0.434,0.566,Justyn Hamilton
322,0.47,0.53,De'Vondre Perry
323,0.516,0.484,Caleb Daniels
324,0.462,0.538,David Collins
325,0.436,0.564,Justin Brown
326,0.478,0.522,J.P. Moorman II
327,0.584,0.416,Cameron Benford
328,0.512,0.488,Jordan McKenzie
329,0.52,0.48,
330,0.5,0.5,Ebube Ebube
331,0.5,0.5,Scott Hitchon
332,0.518,0.482,
333,0.454,0.546,Justin Roberts
334,0.55,0.45,Nathan Cayo
335,0.54,0.46,Braxton Beverly
336,0.496,0.504,E.J. Stephens
337,0.384,0.616,James Karnik
338,0.474,0.526,Marques Wilson
339,0.468,0.532,Myles Douglas
340,0.508,0.492,Felipe Haase
341,0.708,0.292,David Beatty
342,0.528,0.472,K.J. Davis
343,0.37,0.63,Marcus Shaver Jr.
344,0.498,0.502,
345,0.428,0.572,Sam Iorio
346,0.436,0.564,"James Baker, Jr."
347,0.522,0.478,De'Von Cooper
348,0.39,0.61,Caleb Hollander
349,0.714,0.286,Grayson Murphy
350,0.492,0.508,Nigel Jackson
351,0.416,0.584,Greg Jones
352,0.448,0.552,Parker Hazen
353,0.436,0.564,Marten Linssen
354,0.518,0.482,Darnell Rogers
355,0.502,0.498,Mileek McMillan
356,0.474,0.526,Clyde Trapp
357,0.416,0.584,Darien Jackson
358,0.398,0.602,Elijah Joiner
359,0.49,0.51,A.J. Oliver II
360,0.488,0.512,Stanley Umude
361,0.422,0.578,Clifton Moore
362,0.618,0.382,Aljami Durham
363,0.524,0.476,Caleb Green
364,0.494,0.506,Jacob Grandison
365,0.502,0.498,Matt Faw
366,0.47,0.53,Austin Butler
367,0.624,0.376,John Meeks
368,0.494,0.506,
369,0.498,0.502,Jermaine Samuels
370,0.48,0.52,Ralueke Orizu
371,0.508,0.492,Caleb Simmons
372,0.648,0.352,Cameron Christon
373,0.494,0.506,Matt Halvorsen
374,0.69,0.31,Michael Diggins
375,0.384,0.616,Dominik Fragala
376,0.498,0.502,Marcus McClary
377,0.452,0.548,Greg Kuakumensah
378,0.558,0.442,Prince Oduro
379,0.516,0.484,Roman Penn
380,0.434,0.566,Lewis Djonkam
381,0.472,0.528,Anthony Duruji
382,0.514,0.486,Jarrod West
383,0.38,0.62,Darius George
384,0.438,0.562,David Jenkins Jr.
385,0.504,0.496,Hayden Brown
386,0.596,0.404,Bo Hodges
387,0.514,0.486,Mladen Armus
388,0.38,0.62,
389,0.448,0.552,Dre Marin
390,0.52,0.48,Tyler Polley
391,0.486,0.514,Eliel Nsoseme
392,0.486,0.514,Lance Thomas
393,0.49,0.51,Darius Perry
394,0.748,0.252,Trevor Moore
395,0.506,0.494,Greg Parham
396,0.486,0.514,Bubba Parham
397,0.472,0.528,Avery Diggs
398,0.514,0.486,Shelby Adams
399,0.434,0.566,Reggie Miller
400,0.492,0.508,PJ Pipes
401,0.524,0.476,Geo Baker
402,0.404,0.596,Trent Buttrick
403,0.728,0.272,Jahlil Jenkins
404,0.48,0.52,Nigel Shadd
405,0.422,0.578,Ledarrius Brewer
406,0.484,0.516,Cedric Russell
407,0.502,0.498,Malik Osborne
408,0.522,0.478,
409,0.502,0.498,Kris Bankston
410,0.478,0.522,Remy Martin
411,0.486,0.514,Justin Whatley
412,0.506,0.494,Kaiden Rice
413,0.492,0.508,Umoja Gibson
414,0.54,0.46,Myles Lewis
415,0.428,0.572,Justin Minaya
416,0.528,0.472,Souley Boum
417,0.72,0.28,Bates Jones
418,0.488,0.512,Kellan Grady
419,0.492,0.508,Derrick Walker
420,0.416,0.584,Zach Kent
421,0.496,0.504,
422,0.47,0.53,
423,0.608,0.392,
424,0.644,0.356,Omar Habwe
425,0.728,0.272,Charles Falden
426,0.408,0.592,
427,0.502,0.498,DeAndre Jones
428,0.536,0.464,Hayden Koval
429,0.5,0.5,David Caraher
430,0.478,0.522,Mike Okauru
431,0.524,0.476,Isaac Kante
432,0.538,0.462,Jay Jay Chandler
433,0.782,0.218,Mack Smith
434,0.51,0.49,Antwan Walker
435,0.46,0.54,
436,0.498,0.502,
437,0.474,0.526,
438,0.39,0.61,Jaylon Hall
439,0.426,0.574,A.J. Caldwell
440,0.5,0.5,Keith Williams
441,0.452,0.548,Mamoudou Diarra
442,0.416,0.584,Malik Williams
443,0.486,0.514,Galen Alexander
444,0.486,0.514,Gavin Kensmil
445,0.408,0.592,Isaiah Coleman-Lands
446,0.484,0.516,Jalen Adaway
447,0.496,0.504,Dedric Boyd
448,0.462,0.538,Donald Carey
449,0.526,0.474,Bobby Planutis
450,0.514,0.486,Jordan Cintron
451,0.486,0.514,Storm Murphy
452,0.498,0.502,Marcus Thomas
453,0.472,0.528,Keve Aluma
454,0.364,0.636,Tray Hollowell
455,0.512,0.488,Gabe Osabuohien
456,0.524,0.476,Darious Hall
457,0.468,0.532,Jack Ferguson
458,0.54,0.46,Isiah Jasey
459,0.502,0.498,Savion Flagg
460,0.512,0.488,Alex Hunter
461,0.432,0.568,Sean Mobley
462,0.506,0.494,Musa Jallow
463,0.516,0.484,Royce Hamm Jr.
464,0.474,0.526,Isaiah Whaley
465,0.488,0.512,Ayo Akinwole
466,0.53,0.47,Jordan Roberts
467,0.622,0.378,
468,0.376,0.624,Jarkel Joiner
469,0.498,0.502,Vladimir Pinchuk
470,0.396,0.604,Josh Hopkins
471,0.506,0.494,Zach Gunn
472,0.504,0.496,Dajour Joseph
473,0.506,0.494,Dimitrije Spasojevic
474,0.474,0.526,Austin Phyfe
475,0.5,0.5,Tywhon Pickford
476,0.506,0.494,Kobe Webster
477,0.496,0.504,Jalon Pipkins
478,0.498,0.502,Brady Manek
479,0.504,0.496,Naz Bohannon
480,0.452,0.548,Michael Akuchie
481,0.488,0.512,Chris Lykes
482,0.53,0.47,R.J. Cole
483,0.506,0.494,Aaron Nettles
484,0.388,0.612,Jordan Usher
485,0.464,0.536,Christiaan Jones
486,0.496,0.504,Ryan Burkhardt
487,0.478,0.522,Ajani Kennedy
488,0.474,0.526,Tervell Beck
489,0.518,0.482,Chyree Walker
490,0.482,0.518,Myles Smith
491,0.492,0.508,Kamron Reaves
492,0.472,0.528,Garrett Covington
493,0.466,0.534,Jarvis Doles
494,0.5,0.5,Damari Milstead
495,0.38,0.62,Kane Williams
496,0.452,0.548,Evan Kuhlman
497,0.42,0.58,Takal Molson
498,0.65,0.35,Da'Monte Williams
499,0.404,0.596,Mark Smith
500,0.472,0.528,Jack Nunge
501,0.466,0.534,
502,0.518,0.482,Miryne Thomas
503,0.558,0.442,Kevin Johnson
504,0.444,0.556,Oliver Lynch-Daniels
505,0.508,0.492,Daejon Davis
506,0.506,0.494,Richard Harward
507,0.492,0.508,Jay Green
508,0.462,0.538,Cheikh Mbacke Diong
509,0.498,0.502,Keaton Hervey
510,0.448,0.552,Marvin Nesbitt Jr.
511,0.526,0.474,Tyree Appleby
512,0.48,0.52,
513,0.534,0.466,JD Notae
514,0.388,0.612,
515,0.496,0.504,Carter Collins
516,0.526,0.474,
517,0.51,0.49,Jesus Cruz
518,0.51,0.49,Curtis Haywood II
519,0.564,0.436,Jason Whitens
520,0.498,0.502,Jordan Goldwire
521,0.448,0.552,
522,0.472,0.528,Marek Nelson
523,0.38,0.62,Marquis Eaton
524,0.47,0.53,Troy Green
525,0.358,0.642,Donnie Tillman
526,0.576,0.424,Brion Whitley
527,0.694,0.306,Lucas Williamson
528,0.51,0.49,Josh Anderson
529,0.472,0.528,Miles Brookins
530,0.48,0.52,Jamir Moultrie
531,0.508,0.492,DJ Heath
532,0.494,0.506,Teddy Allen
533,0.436,0.564,Greg Eboigbodin
534,0.52,0.48,Kevin Anderson
535,0.512,0.488,Victor Bailey Jr.
536,0.428,0.572,Chris Vogt
537,0.478,0.522,James Beck
538,0.478,0.522,Jalanni White
539,0.512,0.488,Abu Kigab
540,0.508,0.492,Mike Adewunmi
541,0.502,0.498,Kyle Foster
542,0.396,0.604,Cam Bacote
543,0.528,0.472,KeyShawn Feazell
544,0.626,0.374,Darius Banks
545,0.428,0.572,
546,0.5,0.5,Collin Gillespie
547,0.972,0.028,Larry Owens
548,0.508,0.492,Ryan Allen
549,0.5,0.5,Darryl Morsell
550,0.464,0.536,San Antonio Brinson
551,0.39,0.61,
552,0.516,0.484,Virshon Cotton
553,0.428,0.572,Torrey Patton
554,0.51,0.49,Eric Parrish
555,0.452,0.548,Ishmael El-Amin
556,0.444,0.556,Manny Patterson
557,0.518,0.482,Luke Loewe
558,0.586,0.414,D'Shawn Schwartz
559,0.488,0.512,Alfred Hollins
560,0.458,0.542,Marcus Santos-Silva
561,0.524,0.476,Jaylen Minnett
562,0.538,0.462,David Kachelries
563,0.596,0.404,Elijah Gonzales
564,0.518,0.482,Kevion Nolan
565,0.498,0.502,Ferron Flavors Jr.
566,0.604,0.396,Michael Flowers
567,0.42,0.58,
568,0.504,0.496,Marreon Jackson
569,0.682,0.318,
570,0.422,0.578,Kimani Lawrence
571,0.51,0.49,Marcus Weathers
572,0.43,0.57,Eli Scott
573,0.658,0.342,Michael Weathers
574,0.492,0.508,Quentin Scott
575,0.754,0.246,Alec Loehr
576,0.498,0.502,Jordan Perkins
577,0.516,0.484,Tyreke Key
578,0.5,0.5,
579,0.458,0.542,Javon Greene
580,0.526,0.474,Jamir Harris
581,0.486,0.514,Myles Cale
582,0.494,0.506,Elijah Olaniyi
583,0.498,0.502,Cameron Bowles
584,0.5,0.5,Bryce Fowler
585,0.496,0.504,James Lewis Jr.
586,0.564,0.436,Dalonte Brown
587,0.536,0.464,Dominick Pickett
588,0.43,0.57,Justin Forrest
589,0.482,0.518,Josh Carlton
590,0.386,0.614,Michael Carter III
591,0.692,0.308,Hameir Wright
592,0.38,0.62,Alex Watson
593,0.486,0.514,E.J. Anosike
594,0.788,0.212,Myles Carter
595,0.566,0.434,Johquin Wiley
596,0.444,0.556,Alex Tostado
597,0.468,0.532,"Shavar Reynolds, Jr."
598,0.692,0.308,Carl Pierre
599,0.488,0.512,Michael Ertel
600,0.512,0.488,
601,0.628,0.372,Eral Penn
602,0.524,0.476,Deshaun Highler
603,0.392,0.608,Melik Martin
604,0.432,0.568,George Papas
605,0.402,0.598,Kameron Langley
606,0.614,0.386,Yauhen Massalski
607,0.468,0.532,
608,0.508,0.492,Darius Quisenberry
609,0.642,0.358,B.J. Shaw
610,0.404,0.596,Caleb Fuller
611,0.684,0.316,Travis Anderson
612,0.366,0.634,Brandon Slater
613,0.41,0.59,Luis Hurtado Jr.
614,0.524,0.476,Tim Fuller
615,0.622,0.378,Damion Squire
616,0.488,0.512,Kihei Clark
617,0.512,0.488,
618,0.474,0.526,William McNair
619,0.492,0.508,Nate Laszewski
620,0.51,0.49,Prentiss Hubb
621,0.502,0.498,Kevin Schutte
622,0.498,0.502,
623,0.67,0.33,Tanner Groves
624,0.452,0.548,Leaky Black
625,0.44,0.56,Nana Opoku
626,0.692,0.308,Avery Benson
627,0.432,0.568,Mohammed Abdulsalam
628,0.544,0.456,Victor Bafutto
629,0.456,0.544,Angelo Allegri
630,0.812,0.188,Deandre Thomas
631,0.462,0.538,Robert Allen
632,0.516,0.484,Larry Moreno
633,0.394,0.606,Gabe Watson
634,0.382,0.618,
635,0.492,0.508,Hunter Tyson
636,0.52,0.48,Montez Mathis
637,0.514,0.486,Caleb McConnell
638,0.786,0.214,
639,0.426,0.574,Eric Hunter Jr.
640,0.416,0.584,MJ Randolph
641,0.896,0.104,Cameron Healy
642,0.514,0.486,Jermaine Couisnard
643,0.896,0.104,Colin Castleton
644,0.502,0.498,David DeJulius
645,0.978,0.022,Ricky Lindo Jr.
646,0.524,0.476,Thomas Kithier
647,0.488,0.512,Christian Bishop
648,0.494,0.506,Bryce Golden
649,0.662,0.338,Markeese Hastings
650,0.58,0.42,Efe Odigie
651,0.422,0.578,Greg Williams Jr.
652,0.694,0.306,Marcellus Earlington
653,0.446,0.554,Adrian Rodriguez
654,0.518,0.482,DeVon Baker
655,0.456,0.544,Coty Jude
656,0.448,0.552,Luke Lawson
657,0.46,0.54,Junior Ballard
658,0.512,0.488,Filip Rebraca
659,0.374,0.626,Josh LeBlanc Sr.
660,0.418,0.582,Deante Johnson
661,0.458,0.542,
662,0.734,0.266,
663,0.466,0.534,
664,0.51,0.49,Onyi Eyisi
665,0.404,0.596,Aljaz Kunc
666,0.516,0.484,Joey Hauser
667,0.498,0.502,
668,0.49,0.51,Shandon Brown
669,0.49,0.51,Mezie Offurum
670,0.654,0.346,Trey Hopkins
671,0.492,0.508,Riley Grigsby
672,0.536,0.464,Jacob Eyman
673,0.472,0.528,Quinton Johnson II
674,0.52,0.48,Jermaine Harris
675,0.468,0.532,Luke Frampton
676,0.72,0.28,David Azore
677,0.452,0.548,Jared Rodriguez
678,0.52,0.48,Aaron Wheeler
679,0.618,0.382,Josiah Strong
680,0.51,0.49,
681,0.536,0.464,Jerry Higgins III
682,0.758,0.242,Maurice Commander
683,0.576,0.424,Robert Swanson
684,0.486,0.514,Kyler Edwards
685,0.444,0.556,Josh Mballa
686,0.46,0.54,Jose Perez
687,0.372,0.628,Zay Williams
688,0.524,0.476,Vincent Lee
689,0.504,0.496,K.J. Hymes
690,0.496,0.504,Jalen Townsell
691,0.662,0.338,Daylen Kountz
692,0.502,0.498,Shaun Williams
693,0.512,0.488,Austin Trice
694,0.55,0.45,David McCormack
695,0.442,0.558,Jamal Bieniemy
696,0.658,0.342,Isaac Likekele
697,0.498,0.502,Maurice Calloo
698,0.696,0.304,Duncan Demuth
699,0.438,0.562,Kendric Davis
700,0.53,0.47,Kaden Archie
701,0.504,0.496,Arashma Parks
702,0.478,0.522,Adam Seiko
703,0.514,0.486,Iran Bennett
704,0.47,0.53,Taevion Kinsey
705,0.454,0.546,Jeremy Dillon
706,0.894,0.106,Sloan Seymour
707,0.474,0.526,Cory Hightower
708,0.596,0.404,Josiah Jeffers
709,0.488,0.512,Cooper Kaifes
710,0.54,0.46,Mitch Listau
711,0.53,0.47,Cameron Burrell
712,0.49,0.51,Robin Duncan
713,0.568,0.432,Ryan Davis
714,0.502,0.498,Ben Stanley
715,0.356,0.644,
716,0.464,0.536,Yuat Alok
717,0.4,0.6,Kaosi Ezeagu
718,0.646,0.354,Luke Avdalovic
719,0.468,0.532,Nik Mains
720,0.712,0.288,Nick Guadarrama
721,0.39,0.61,Jayden Martinez
722,0.488,0.512,Jack Clark
723,0.678,0.322,Ed Croswell
724,0.48,0.52,Jared Kimbrough
725,0.508,0.492,Jahvon Quinerly
726,0.41,0.59,Jalen Slawson
727,0.756,0.244,Carlos Curtis
728,0.496,0.504,Daivien Williamson
729,0.522,0.478,Mike Bothwell
730,0.494,0.506,Jaylon Pugh
731,0.5,0.5,Isaiah Poor Bear-Chandler
732,0.618,0.382,Dre Fuller Jr.
733,0.414,0.586,Chris Ford
734,0.462,0.538,Bryce Workman
735,0.482,0.518,Mason Harrell
736,0.522,0.478,Connor Vanover
737,0.404,0.596,Jack Schoemann
738,0.53,0.47,Andre Kelly
739,0.492,0.508,Matt Bradley
740,0.49,0.51,Rashun Williams
741,0.65,0.35,CJ White
742,0.418,0.582,Zion Griffin
743,0.388,0.612,Jahmar Young Jr.
744,0.558,0.442,George Conditt IV
745,0.446,0.554,
746,0.55,0.45,Connor Crabtree
747,0.416,0.584,Moses Wood
748,0.512,0.488,Jamarius Burton
749,0.51,0.49,Dexter Dennis
750,0.52,0.48,Tavin Lovan
751,0.508,0.492,Payton Moore
752,0.506,0.494,Drew Peterson
753,0.412,0.588,Quentin Millora-Brown
754,0.428,0.572,Chris Mullins
755,0.484,0.516,Antwuan Butler
756,0.49,0.51,Rey Idowu
757,0.708,0.292,Hunter Marks
758,0.556,0.444,
759,0.484,0.516,Sekou Toure
760,0.504,0.496,Xavier Johnson
761,0.546,0.454,Donatas Kupsas
762,0.48,0.52,Trevion Williams
763,0.452,0.548,Jordan Henderson
764,0.432,0.568,
765,0.58,0.42,Quinn Blair
766,0.508,0.492,Chase Audige
767,0.484,0.516,L.J. Owens
768,0.496,0.504,Allen Betrand
769,0.452,0.548,Mehkel Harvey
770,0.774,0.226,Juan Ducasse
771,0.482,0.518,Landers Nolley II
772,0.406,0.594,Isaiah Wilkins
773,0.984,0.016,Robert Braswell
774,0.412,0.588,Jalen Carey
775,0.478,0.522,Marque Maultsby
776,0.79,0.21,Rod Brown
777,0.52,0.48,Michael Wynn
778,0.402,0.598,
779,0.516,0.484,Bryce Hamilton
780,0.424,0.576,Collin Welp
781,0.734,0.266,Zach Chappell
782,0.496,0.504,Miles Norris
783,0.496,0.504,Kaison Hammonds
784,0.48,0.52,Seneca Knight
785,0.498,0.502,Stanley Henderson Jr.
786,0.414,0.586,Maizen Fausett
787,0.4,0.6,Caleb Nero
788,0.54,0.46,Dima Zdor
789,0.44,0.56,Antonio Rizzuto
790,0.488,0.512,Erik Stevenson
791,0.624,0.376,Morris Udeze
792,0.44,0.56,Madiaw Niang
793,0.406,0.594,Logan Johnson
794,0.502,0.498,Jairus Hamilton
795,0.522,0.478,Caleb Catto
796,0.522,0.478,Zach Scott
797,0.566,0.434,Matt Gray
798,0.52,0.48,Liam Robbins
799,0.774,0.226,Jawaun Newton
800,0.462,0.538,Shamar Givance
801,0.49,0.51,Logan Dye
802,0.652,0.348,Ralph Bissainthe
803,0.39,0.61,
804,0.42,0.58,
805,0.672,0.328,Ithiel Horton
806,0.398,0.602,Matey Juric
807,0.446,0.554,Camren Wynter
808,0.754,0.246,
809,0.478,0.522,Jay Nagle
810,0.512,0.488,Amadou Sow
811,0.566,0.434,Souleymane Diakite
812,0.638,0.362,Kjell de Graaf
813,0.712,0.288,Cantavio Dutreil
814,0.53,0.47,Aleksa Matic
815,0.39,0.61,Ahsan Asadullah
816,0.382,0.618,Cameron Parker
817,0.47,0.53,
818,0.448,0.552,Aaron Clarke
819,0.44,0.56,Cameron Wilbon
820,0.612,0.388,Koreem Ozier
821,0.474,0.526,Myles Thompson
822,0.522,0.478,Marcus Bingham Jr.
823,0.46,0.54,Zac Watson
824,0.444,0.556,Jeremiah Gambrell
825,0.522,0.478,
826,0.528,0.472,Oddyst Walker
827,0.374,0.626,
828,0.502,0.498,Jock Hughes
829,0.476,0.524,Caden Sanchez
830,0.54,0.46,Trey Woodbury
831,0.552,0.448,Austin Smellie
832,0.392,0.608,Foster Loyer
833,0.498,0.502,Brandon Johns Jr.
834,0.486,0.514,
835,0.486,0.514,
836,0.49,0.51,KeShawn Curry
837,0.5,0.5,
838,0.468,0.532,
839,0.406,0.594,
840,0.514,0.486,Isaac Chatman
841,0.7,0.3,Milos Stajcic
842,0.448,0.552,Spencer Johnson
843,0.454,0.546,Michael Forrest
844,0.566,0.434,"Antonio Daye, Jr."
845,0.466,0.534,Chris Doherty
846,0.632,0.368,Stacey Thomas
847,0.346,0.654,Isaiah Mucius
848,0.474,0.526,Jamal Bey
849,0.786,0.214,Brent Hank
850,0.516,0.484,Trey Jemison
851,0.504,0.496,John Newman III
852,0.468,0.532,Robert Brown
853,0.484,0.516,Wynston Tabbs
854,0.522,0.478,Nathan Mensah
855,0.462,0.538,Will Richardson
856,0.526,0.474,Christian Anigwe
857,0.522,0.478,George Maslennikov
858,0.444,0.556,Alonzo Sule
859,0.506,0.494,Ja'Shon Henry
860,0.378,0.622,Darius McGhee
861,0.492,0.508,Rasir Bolton
862,0.496,0.504,
863,0.462,0.538,Ari Boya
864,0.522,0.478,Eli Parquet
865,0.368,0.632,Samuel Chaput
866,0.516,0.484,Nikkei Rutty
867,0.422,0.578,Marcus Hammond
868,0.48,0.52,Steven Levnaic
869,0.476,0.524,Tyrel Bladen
870,0.464,0.536,Jalen Pickett
871,0.568,0.432,Justin Bean
872,0.486,0.514,Cole Swider
873,0.512,0.488,Jake Forrester
874,0.492,0.508,Jerome Hunter
875,0.448,0.552,Rob Phinisee
876,0.504,0.496,
877,0.474,0.526,Damezi Anderson
878,0.494,0.506,Tuukka Jaakkola
879,0.53,0.47,Tim Finke
880,0.63,0.37,Deshon Parker
881,0.516,0.484,Warren Williams
882,0.514,0.486,
883,0.532,0.468,Markquis Nowell
884,0.406,0.594,
885,0.88,0.12,Tomas Verbinskis
886,0.51,0.49,Adrian Delph
887,0.48,0.52,Luis Rodriguez
888,0.65,0.35,Amari Kelly
889,0.652,0.348,Tyler Harris
890,0.522,0.478,Alex Lomax
891,0.468,0.532,Antwann Jones
892,0.708,0.292,Jayden Hardaway
893,0.394,0.606,Madut Akec
894,0.482,0.518,Xavier Castaneda
895,0.696,0.304,Michael Durr
896,0.524,0.476,Race Thompson
897,0.5,0.5,Jabari Rice
898,0.57,0.43,Warren Washington
899,0.486,0.514,Jaiden Delaire
900,0.52,0.48,
901,0.546,0.454,Lukas Kisunas
902,0.482,0.518,Cormac Ryan
903,0.474,0.526,DaQuan Smith
904,0.498,0.502,Jarron Coleman
905,0.496,0.504,Tayler Mattos
906,0.38,0.62,Caleb Fields
907,0.754,0.246,Connor Harding
908,0.478,0.522,AJ Green
909,0.758,0.242,Jordan Phillips
910,0.572,0.428,Matt Herasme
911,0.506,0.494,Samir Stewart
912,0.466,0.534,Christian Hinckson
913,0.446,0.554,Elijah Buchanan
914,0.442,0.558,Ochai Agbaji
915,0.498,0.502,Joey Calcaterra
916,0.55,0.45,David Wingett
917,0.502,0.498,Jamari Blackmon
918,0.504,0.496,Juan Munoz
919,0.812,0.188,Jeenathan Williams
920,0.488,0.512,Nevin Zink
921,0.53,0.47,Ronaldo Segu
922,0.522,0.478,Brandon Martin
923,0.414,0.586,Bryson Mozone
924,0.406,0.594,Nick Muszynski
925,0.486,0.514,Tate Pierson
926,0.45,0.55,D.J. Burns Jr.
927,0.86,0.14,Alanzo Frink
928,0.496,0.504,Keyshawn Bryant
929,0.458,0.542,Jaylen Sims
930,0.386,0.614,Jack Hoiberg
931,0.514,0.486,Brian White
932,0.516,0.484,Joe Bryant Jr.
933,0.468,0.532,Jahmel Myers
934,0.444,0.556,Nate Roberts
935,0.502,0.498,Deon Stroud
936,0.808,0.192,Ty Brewer
937,0.398,0.602,
938,0.52,0.48,Ethan Igbanugo
939,0.564,0.436,
940,0.522,0.478,Aanen Moody
941,0.668,0.332,Francis Lacis
942,0.42,0.58,DeVante' Jones
943,0.548,0.452,KJ Buffen
944,0.456,0.544,Franco Miller Jr.
945,0.706,0.294,Tykei Greene
946,0.466,0.534,KC Hankton
947,0.532,0.468,Brendan Adams
948,0.508,0.492,Josh Alexander
949,0.476,0.524,Demarius Jacobs
950,0.512,0.488,Jonathan Tchamwa Tchatchoua
951,0.512,0.488,Fred Thatch Jr.
952,0.708,0.292,Javon Freeman-Liberty
953,0.488,0.512,De'Torrion Ware
954,0.54,0.46,Jahbril Price-Noel
955,0.566,0.434,Ajare Sanni
956,0.5,0.5,Darryl Polk Jr.
957,0.526,0.474,A.J. Reeves
958,0.488,0.512,Jimmy Nichols Jr.
959,0.518,0.482,DeShaun Wade
960,0.51,0.49,Ian Krishnan
961,0.638,0.362,Joe Kasperzyk
962,0.524,0.476,Kani Acree
963,0.496,0.504,Dibaji Walker
964,0.512,0.488,Jayden Gardner
965,0.47,0.53,Gavin Baxter
966,0.418,0.582,Everette Hammond
967,0.474,0.526,Tolu Smith
968,0.522,0.478,Brendan Medley-Bacon
969,0.398,0.602,TJ Moss
970,0.516,0.484,Xavier Pinson
971,0.508,0.492,Torrence Watson
972,0.908,0.092,Parker Braun
973,0.498,0.502,Danya Kingsby
974,0.632,0.368,Darius Days
975,0.472,0.528,Kamaka Hepa
976,0.982,0.018,KJ Williams
977,0.792,0.208,Diante Wood
978,0.522,0.478,Gio Nelson
979,0.482,0.518,Austin Richie
980,0.412,0.588,Jalen Hodge
981,0.448,0.552,Michael Dunne
982,0.408,0.592,Kobe Julien
983,0.546,0.454,Jacob Boonyasith
984,0.516,0.484,Grehlon Easter
985,0.462,0.538,Amanze Ngumezi
986,0.522,0.478,Tye Fagan
987,0.99,0.01,Noah Locke
988,0.51,0.49,Andrew Nembhard
989,0.534,0.466,Tyrone Lyons
990,0.526,0.474,Casmir Ochiaka
991,0.456,0.544,Christian Agnew
992,0.558,0.442,Brady Heiman
993,0.664,0.336,Ryan Greer
994,0.522,0.478,Gabe Kalscheur
995,0.518,0.482,Gabe Brown
996,0.592,0.408,
997,0.452,0.548,Flo Thamba
998,0.43,0.57,Osun Osunniyi
999,0.472,0.528,Vince Williams Jr.
1000,0.52,0.48,P.J. Byrd
1001,0.44,0.56,Darius Beane
1002,0.49,0.51,Jomaru Brown
1003,0.526,0.474,Maros Zeliznak
1004,0.444,0.556,Cameron Tyson
1005,0.516,0.484,Michael Meadows
1006,0.444,0.556,RayQuawndis Mitchell
1007,0.622,0.378,Victor Ohia Obioha
1008,0.48,0.52,Jackson Stormo
1009,0.478,0.522,Gus Okafor
1010,0.414,0.586,Ludovic Dufeal
1011,0.496,0.504,Rob Peterson III
1012,0.482,0.518,LJ Thorpe
1013,0.34,0.66,Trevon Faulkner
1014,0.516,0.484,Adrian Nelson
1015,0.506,0.494,Braden Norris
1016,0.506,0.494,Nick Honor
1017,0.518,0.482,Harrison Butler
1018,0.468,0.532,Serrel Smith
1019,0.344,0.656,Sasha Stefanovic
1020,0.398,0.602,Austin Rotroff
1021,0.676,0.324,Richard Njoku
1022,0.602,0.398,Jaylin Andrews
1023,0.478,0.522,Kenneth Jones
1024,0.492,0.508,Tray Maddox Jr.
1025,0.516,0.484,Christian Silva
1026,0.77,0.23,Malik Martin
1027,0.542,0.458,Cooper Robb
1028,0.488,0.512,Brandon Younger
1029,0.5,0.5,Jaylen Sebree
1030,0.526,0.474,James Akinjo
1031,0.68,0.32,Dravon Mangum
1032,0.466,0.534,Zep Jasper
1033,0.504,0.496,
1034,0.484,0.516,Elijah McCadden
1035,0.924,0.076,
1036,0.486,0.514,Jared Bynum
1037,0.458,0.542,Jake Wojcik
1038,0.506,0.494,Souleymane Koureissi
1039,0.386,0.614,Andre Gustavson
1040,0.47,0.53,Matt Grace
1041,0.506,0.494,Sy Chatman
1042,0.562,0.438,Omar Silverio
1043,0.476,0.524,Tre Wood
1044,0.348,0.652,Samba Diallo
1045,0.846,0.154,Michael Devoe
1046,0.484,0.516,Diego Willis
1047,0.396,0.604,Joey Baker
1048,0.39,0.61,Blake Preston
1049,0.782,0.218,Myles Dread
1050,0.532,0.468,Ryan Young
1051,0.474,0.526,Miller Kopp
1052,0.38,0.62,
1053,0.424,0.576,Pete Nance
1054,0.38,0.62,Justin Ahrens
1055,0.482,0.518,Myreon Jones
1056,0.508,0.492,John Knight III
1057,0.844,0.156,Jules Bernard
1058,0.498,0.502,Kyle Lofton
1059,0.446,0.554,Kenneth Nwuba
1060,0.526,0.474,Ben Harvey
1061,0.74,0.26,Jordan McCabe
1062,0.504,0.496,Emmitt Matthews Jr.
1063,0.38,0.62,Austin Fadal
1064,0.388,0.612,Francisco Caffaro
1065,0.68,0.32,
1066,0.718,0.282,Cameron Copeland
1067,0.536,0.464,Carter Hendricksen
1068,0.552,0.448,Dorian James
1069,0.86,0.14,
1070,0.35,0.65,Dan Fotu
1071,0.446,0.554,Matthias Tass
1072,0.496,0.504,Quinn Clinton
1073,0.514,0.486,Dane Goodwin
1074,0.508,0.492,Malik Jefferson
1075,0.58,0.42,Dee Barnes
1076,0.502,0.498,Chidozie Collin Nnamene
1077,0.54,0.46,Kris Wooten
1078,0.68,0.32,
1079,0.526,0.474,Anthony Crump
1080,0.434,0.566,
1081,0.598,0.402,Elijah Harkless
1082,0.546,0.454,Darius Brown II
1083,0.484,0.516,Brendan Harrick
1084,0.514,0.486,James Manns
1085,0.526,0.474,Jeameril Wilson
1086,0.518,0.482,Tyrone Perry
1087,0.462,0.538,Sean Good
1088,0.568,0.432,DeAndre Williams
1089,0.66,0.34,Nic Lynch
1090,0.52,0.48,Blake Harris
1091,0.49,0.51,Trey McGowens
1092,0.8,0.2,LaDarius Marshall
1093,0.532,0.468,Kristian Sjolund
1094,0.52,0.48,Kameron Gibson
1095,0.492,0.508,Jake Stephens
1096,0.472,0.528,Ryan Larson
1097,0.434,0.566,
1098,0.516,0.484,Messiah Jones
1099,0.508,0.492,Kris Monroe
1100,0.774,0.226,SK Shittu
1101,0.5,0.5,Jericole Hellems
1102,0.432,0.568,Tyrese Martin
1103,0.38,0.62,Jamal Hartwell II
1104,0.41,0.59,Jordan Miller
1105,0.498,0.502,Berrick JeanLouis
1106,0.48,0.52,Elijah McNamara
1107,0.424,0.576,Mekhi Lairy
1108,0.452,0.548,Myja White
1109,0.8,0.2,Anthony Roberts
1110,0.498,0.502,DeAndre Gholston
1111,0.534,0.466,Malik Miller
1112,0.52,0.48,Tajion Jones
1113,0.484,0.516,Brock Cunningham
1114,0.43,0.57,Aleks Novakovich
1115,0.498,0.502,Raymond Bethea Jr.
1116,0.576,0.424,Spencer Rodgers
1117,0.518,0.482,Au'Diese Toney
1118,0.732,0.268,Ezekiel Richards
1119,0.5,0.5,Trey Wertz
1120,0.49,0.51,Keshawn Justice
1121,0.514,0.486,Jake Wolfe
1122,0.632,0.368,Vado Morse
1123,0.404,0.596,
1124,0.494,0.506,Uros Plavsic
1125,0.454,0.546,Lamar Norman Jr.
1126,0.436,0.564,Micheal Anumba
1127,0.538,0.462,Rashad Williams
1128,0.524,0.476,Dawson Carper
1129,0.986,0.014,Mate Colina
1130,0.468,0.532,Theo Akwuba
1131,0.488,0.512,Elijah Weaver
1132,0.574,0.426,Walter Ellis
1133,0.36,0.64,Andrew Funk
1134,0.428,0.572,Jack Hemphill
1135,0.462,0.538,Fletcher Tynen
1136,0.826,0.174,Tucker Richardson
1137,0.406,0.594,Kahliel Spear
1138,0.884,0.116,Zach Light
1139,0.508,0.492,Marlon Hargis
1140,0.472,0.528,Ben Vander Plas
1141,0.984,0.016,LaQuill Hardnett
1142,0.586,0.414,Szymon Wojcik
1143,0.518,0.482,Damien Daniels
1144,0.512,0.488,Joe Pleasant
1145,0.768,0.232,Yor Anei
1146,0.518,0.482,Joe Reece
1147,0.512,0.488,
1148,0.388,0.612,Kalu Ezikpe
1149,0.524,0.476,Nicolas Timberlake
1150,0.478,0.522,Javon Pickett
1151,0.494,0.506,Isaac Suffren
1152,0.466,0.534,Jamir Moore
1153,0.696,0.304,Tyger Campbell
1154,0.492,0.508,Sadarius Bowser
1155,0.442,0.558,Connor Arnold
1156,0.608,0.392,Dominick Welch
1157,0.528,0.472,John Walker III
1158,0.508,0.492,Noah Gurley
1159,0.508,0.492,Elijah McCullough
1160,0.544,0.456,Trey Wood
1161,0.734,0.266,Sherwyn Devonish
1162,0.488,0.512,Shareef O'Neal
1163,0.776,0.224,Isaiah Burke
1164,0.51,0.49,Gerrale Gates
1165,0.526,0.474,Ty Perry
1166,0.484,0.516,Chris Austin
1167,0.522,0.478,Jalen Cobb
1168,0.534,0.466,Sincere Carry
1169,0.554,0.446,Tobias Cameron
1170,0.51,0.49,Khalid Moore
1171,0.332,0.668,Alex Caldwell
1172,0.506,0.494,
1173,0.52,0.48,Derek Ballard Jr.
1174,0.466,0.534,Zion Young
1175,0.774,0.226,Jordan Brown
1176,0.514,0.486,
1177,0.656,0.344,
1178,0.712,0.288,AJ Edu
1179,0.48,0.52,
1180,0.522,0.478,
1181,0.448,0.552,Cameron Ba
1182,0.528,0.472,
1183,0.472,0.528,
1184,0.496,0.504,
1185,0.504,0.496,Adam Flagler
1186,0.538,0.462,Matt Mims
1187,0.478,0.522,Daxton Carr
1188,0.478,0.522,Jayden Saddler
1189,0.508,0.492,Patrick Emilien
1190,0.524,0.476,Adrian Martin
1191,0.496,0.504,Garrett Pascoe
1192,0.48,0.52,Alex Arians
1193,0.488,0.512,Elijah Hardy
1194,0.414,0.586,Darian Scott
1195,0.486,0.514,Riley Sorn
1196,0.334,0.666,Dalvin White
1197,0.7,0.3,Ebrima Dibba
1198,0.546,0.454,
1199,0.536,0.464,Kur Kuath
1200,0.526,0.474,Lat Mayen
1201,0.456,0.544,Jaxson Baker
1202,0.464,0.536,Neftali Alvarez
1203,0.5,0.5,Derek Sabin
1204,0.488,0.512,
1205,0.61,0.39,Adam Kunkel
1206,0.518,0.482,Wanjang Tut
1207,0.444,0.556,Dzmitry Ryuny
1208,0.502,0.498,Kevin Obanor
1209,0.608,0.392,Riley Battin
1210,0.502,0.498,Finn Sullivan
1211,0.358,0.642,Manny Bates
1212,0.736,0.264,Tevian Jones
1213,0.774,0.226,Lahat Thioune
1214,0.438,0.562,Eric Ayala
1215,0.446,0.554,Jr. Clay
1216,0.502,0.498,
1217,0.708,0.292,Gabe McGlothan
1218,0.41,0.59,Monty Johal
1219,0.536,0.464,Matt Dentlinger
1220,0.48,0.52,Savion Lewis
1221,0.982,0.018,Matt Balanc
1222,0.474,0.526,CJ Fredrick
1223,0.686,0.314,Tyree Pickron
1224,0.486,0.514,Tyrese Williams
1225,0.486,0.514,R.J. Eytle-Rock
1226,0.536,0.464,Jose Placer
1227,0.84,0.16,Rip Economou
1228,0.458,0.542,Stephane Ingo
1229,0.462,0.538,Hunter Thompson
1230,0.636,0.364,Frankie Policelli
1231,0.654,0.346,Reggie Chaney
1232,0.488,0.512,
1233,0.52,0.48,Dylan Swingle
1234,0.494,0.506,Nygal Russell
1235,0.462,0.538,Elochukwu Eze
1236,0.556,0.444,Cam Williams
1237,0.958,0.042,Keonte Kennedy
1238,0.47,0.53,Grayson Carter
1239,0.95,0.05,Kevin Samuel
1240,0.952,0.048,Isaih Moore
1241,0.654,0.346,Zach Nutall
1242,0.346,0.654,Jalen Jefferson
1243,0.4,0.6,Ron Harper Jr.
1244,0.504,0.496,Caleb Broodo
1245,0.504,0.496,Eddy Kayouloud
1246,0.482,0.518,
1247,0.558,0.442,
1248,0.502,0.498,
1249,0.396,0.604,JC Butler
1250,0.464,0.536,
1251,0.666,0.334,Assane Diouf
1252,0.606,0.394,Ogheneyole Akuwovo
1253,0.432,0.568,Tae Hardy
1254,0.518,0.482,David Singleton
1255,0.394,0.606,Nate Springs
1256,0.52,0.48,
1257,0.444,0.556,Buddy Boeheim
1258,0.582,0.418,Both Gach
1259,0.49,0.51,Tevin Brown
1260,0.514,0.486,Qon Murphy
1261,0.81,0.19,Dwight Murray Jr.
1262,0.984,0.016,
1263,0.744,0.256,Taelyr Gatlin
1264,0.496,0.504,Jase Townsend
1265,0.376,0.624,David Nzekwesi
1266,0.38,0.62,Jarred Godfrey
1267,0.5,0.5,Cody Riley
1268,0.588,0.412,Samba Kane
1269,0.452,0.548,Jordan Campbell
1270,0.384,0.616,Carlos Jurgens
1271,0.508,0.492,Jaxon Knotek
1272,0.98,0.02,Shakur Daniel
1273,0.55,0.45,Daivon Stephens
1274,0.52,0.48,Sam Griesel
1275,0.792,0.208,Gerald Liddell
1276,0.474,0.526,Courtney Ramey
1277,0.776,0.224,Jarius Cook
1278,0.898,0.102,Kaleb Hunter
1279,0.476,0.524,Alex Rivera
1280,0.556,0.444,Allin Blunt
1281,0.388,0.612,Bryce Daley
1282,0.45,0.55,
1283,0.688,0.312,Samuel Sessoms
1284,0.792,0.208,Dontarius James
1285,0.696,0.304,Desi Sills
1286,0.5,0.5,Keyshawn Embery-Simpson
1287,0.516,0.484,Luka Brajkovic
1288,0.546,0.454,Ethan Henderson
1289,0.436,0.564,Antoine Davis
1290,0.462,0.538,Chuck Hannah
1291,0.464,0.536,Angus McWilliam
1292,0.672,0.328,Devonaire Doutrive
1293,0.468,0.532,Jemarl Baker Jr.
1294,0.498,0.502,Adam Thistlewood
1295,0.486,0.514,Riley Abercrombie
1296,0.384,0.616,
1297,0.478,0.522,Kendle Moore
1298,0.964,0.036,Cameron Shelton
1299,0.43,0.57,Keith Haymon
1300,0.952,0.048,Tre'Shon Smoots
1301,0.538,0.462,Jared Rhoden
1302,0.876,0.124,Anthony Nelson
1303,0.422,0.578,Nigel Hawkins
1304,0.534,0.466,Daniel Sackey
1305,0.486,0.514,Vante Hendrix
1306,0.49,0.51,Matthew Mayer
1307,0.506,0.494,Malachi Smith
1308,0.46,0.54,Grant Basile
1309,0.528,0.472,
1310,0.952,0.048,Skyelar Potter
1311,0.96,0.04,Bodie Hume
1312,0.652,0.348,Nelson Boachie-Yiadom
1313,0.474,0.526,Josh Roberts
1314,0.792,0.208,
1315,0.548,0.452,
1316,0.552,0.448,
1317,0.766,0.234,
1318,0.904,0.096,Aguek Arop
1319,0.446,0.554,Tyree Eady
1320,0.542,0.458,
1321,0.722,0.278,Mack Anderson
1322,0.478,0.522,
1323,0.504,0.496,Kenny Strawbridge
1324,0.514,0.486,Evan Battey
1325,0.94,0.06,Brandon Swaby
1326,0.508,0.492,DJ Peavy
1327,0.438,0.562,Andrew Taylor
1328,0.422,0.578,Fardaws Aimaq
1329,0.554,0.446,
1330,0.958,0.042,Keshaun Saunders
1331,0.51,0.49,Deng Gak
1332,0.52,0.48,Ivan Alipiev
1333,0.424,0.576,Dameane Douglas
1334,0.492,0.508,Javian Davis
1335,0.474,0.526,Tai Strickland
1336,0.388,0.612,
1337,0.476,0.524,Alexis Yetna
1338,0.514,0.486,Davion Buster
1339,0.406,0.594,Timmy Allen
1340,0.648,0.352,
1341,0.87,0.13,J'Raan Brooks
1342,0.95,0.05,Tamell Pearson
1343,0.988,0.012,
1344,0.984,0.016,Ricky Clemons
1345,0.372,0.628,Matt Johnson II
1346,0.502,0.498,Leo Gallagher
1347,0.666,0.334,Clayton Henry
1348,0.518,0.482,Cyrus Johnson
1349,0.48,0.52,
1350,0.394,0.606,Ian Burke
1351,0.862,0.138,Myron Gordon
1352,0.936,0.064,Khyre Thompson
1353,0.988,0.012,Parker Fox
1354,0.506,0.494,Chris Brandon
1355,0.464,0.536,Jonas Harper
1356,0.502,0.498,
1357,0.496,0.504,
1358,0.67,0.33,
1359,0.444,0.556,Grant Weatherford
1360,0.5,0.5,
1361,0.466,0.534,Joe Wall
1362,0.424,0.576,Greg Summers
1363,0.522,0.478,John Carter Jr.
1364,0.526,0.474,Jayce Johnson
1365,0.388,0.612,
1366,0.834,0.166,
1367,0.4,0.6,Josh Caldwell
1368,0.742,0.258,
1369,0.436,0.564,Aaron Duhart
1370,0.41,0.59,Elijah Elliott
1371,0.566,0.434,Abdul Mohamed
1372,0.818,0.182,Luke Thomas
1373,0.448,0.552,Will Alcock
1374,0.704,0.296,Patrick Urey
1375,0.488,0.512,
1376,0.494,0.506,
1377,0.408,0.592,Shaun Doss
1378,0.514,0.486,
1379,0.482,0.518,
1380,0.686,0.314,Patrick Mwamba
1381,0.66,0.34,
1382,0.508,0.492,Nathan McClure
1383,0.474,0.526,
1384,0.704,0.296,Tyreek Scott-Grayson
1385,0.394,0.606,Derek St. Hilaire
1386,0.342,0.658,JJ Murray
1387,0.812,0.188,Josh Jefferson
1388,0.484,0.516,Abdou Ndiaye
1389,0.634,0.366,Robinson Idehen
1390,0.514,0.486,Freddy Brown III
1391,0.648,0.352,Fahim Jenetto
1392,0.54,0.46,
1393,0.984,0.016,Tyler Stevenson
1394,0.446,0.554,
1395,0.734,0.266,Tyrece Radford
1396,0.746,0.254,Prince Toyambi
1397,0.394,0.606,
1398,0.674,0.326,Trey Smith
1399,0.394,0.606,Michael Steadman
1400,0.568,0.432,Willy Isiani
1401,0.488,0.512,Garrett Sturtz
1402,0.498,0.502,Ramiir Dixon-Conover
1403,0.73,0.27,Harrison Curry
1404,0.51,0.49,
1405,0.506,0.494,James Ametepe
1406,0.504,0.496,Ronald Lucas
1407,0.776,0.224,Richardson Maitre
1408,0.494,0.506,Silas Adheke
1409,0.462,0.538,
1410,0.494,0.506,Tremell Murphy
1411,0.886,0.114,D.J. Wilkins
1412,0.414,0.586,
1413,0.856,0.144,Marvin Cannon
1414,0.494,0.506,Ty Rowell
1415,0.64,0.36,Nikola Maric
1416,0.52,0.48,
1417,0.538,0.462,
1418,0.352,0.648,Terrell Brown Jr.
1419,0.442,0.558,
1420,0.656,0.344,Robert Mahala
1421,0.55,0.45,Abe Kinrade
1422,0.486,0.514,
1423,0.48,0.52,A.J. Walker
1424,0.442,0.558,Andrew Junkin
1425,0.7,0.3,Brandon Mahan
1426,0.494,0.506,Luke McGhee
1427,0.706,0.294,Sam Beskind
1428,0.466,0.534,Michael Cubbage
1429,0.654,0.346,Keith McGee
1430,0.628,0.372,Amari McCray
1431,0.716,0.284,KC Ndefo
1432,0.536,0.464,Josh Aldrich
1433,0.54,0.46,
1434,0.684,0.316,Brandon Powell
1435,0.54,0.46,Isaac Hippolyte
1436,0.5,0.5,
1437,0.504,0.496,Webster Filmore
1438,0.488,0.512,Max Rice
1439,0.754,0.246,Christian Gray
1440,0.966,0.034,Jeremiah Bailey
1441,0.496,0.504,
1442,0.73,0.27,Kyle Cardaci
1443,0.518,0.482,ShanQuan Hemphill
1444,0.518,0.482,Nathan Nelson
1445,0.654,0.346,CJ Kelly
1446,0.512,0.488,D.J. Mitchell
1447,0.476,0.524,Tra'Von Fagan
1448,0.802,0.198,
1449,0.608,0.392,Payton Youngblood
1450,0.564,0.436,Kashawn Charles
1451,0.426,0.574,Jackson Moffatt
1452,0.384,0.616,Jacob Tryon
1453,0.724,0.276,
1454,0.478,0.522,Austin Washburn
1455,0.512,0.488,
1456,0.552,0.448,Aundre Hyatt
1457,0.496,0.504,Mark Tikhonenko
1458,0.556,0.444,Valdir Manuel
1459,0.512,0.488,Casson Rouse
1460,0.704,0.296,Khalil Shabazz
1461,0.424,0.576,Damian Chong Qui
1462,0.38,0.62,Rodney Henderson Jr.
1463,0.5,0.5,Trendon Hankerson
1464,0.488,0.512,
1465,0.748,0.252,
1466,0.53,0.47,Tate Hall
1467,0.542,0.458,Zoar Nedd
1468,0.52,0.48,
1469,0.414,0.586,Carter Higginbottom
1470,0.654,0.346,Kyle Luedtke
1471,0.44,0.56,Mike Nuga
1472,0.4,0.6,Robert Guyton
1473,0.668,0.332,Myles Parker
1474,0.512,0.488,
1475,0.546,0.454,Faite Williams
1476,0.786,0.214,Tony Miller
1477,0.458,0.542,
1478,0.45,0.55,
1479,0.62,0.38,
1480,0.506,0.494,
1481,0.698,0.302,Clay Patterson
1482,0.67,0.33,
1483,0.486,0.514,DeShang Weaver
1484,0.5,0.5,
1485,0.508,0.492,Dante Treacy
1486,0.494,0.506,
1487,0.468,0.532,Solomon Iluyomade
1488,0.388,0.612,Tyler Bertram
1489,0.75,0.25,Jordan Gilliam
1490,0.758,0.242,Bentiu Panoam
1491,0.656,0.344,Joe Foley
1492,0.526,0.474,
1493,0.468,0.532,Marvin Coleman
1494,0.504,0.496,Jeff Otchere
1495,0.472,0.528,
1496,0.462,0.538,Mikel Beyers
1497,0.982,0.018,
1498,0.484,0.516,Marquis Moore
1499,0.41,0.59,
1500,0.46,0.54,Mark Calleja
1501,0.512,0.488,Isaiah White
1502,0.534,0.466,
1503,0.64,0.36,Jamie Ahale
1504,0.532,0.468,
1505,0.872,0.128,Kur Jockuch
1506,0.51,0.49,
1507,0.798,0.202,Nolan Bertain
1508,0.512,0.488,
1509,0.51,0.49,Nicolas Fennell
1510,0.698,0.302,
1511,0.524,0.476,Warith Alatishe
1512,0.504,0.496,Prince Moss
1513,0.686,0.314,Azariah Seay
1514,0.884,0.116,Jayveous McKinnis
1515,0.5,0.5,
1516,0.478,0.522,Darrian Wilson
1517,0.49,0.51,Preston Cook
1518,0.47,0.53,
1519,0.474,0.526,Markese Redding
1520,0.464,0.536,Zach Walker
1521,0.398,0.602,Christian Wilson
1522,0.534,0.466,Myles Johnson
1523,0.492,0.508,Flynn Cameron
1524,0.512,0.488,Onyebuchi Ezeakudo
1525,0.508,0.492,
1526,0.508,0.492,D'Marco Baucum
1527,0.56,0.44,Ajiri Ogemuno-Johnson
1528,0.49,0.51,
1529,0.502,0.498,Kevin McCullar
1530,0.372,0.628,Harrison Hookfin
1531,0.502,0.498,Jeffrey Yan
1532,0.496,0.504,Dee Mitchell
1533,0.518,0.482,Mekhi Long
1534,0.486,0.514,Moses Flowers
1535,0.52,0.48,Colby Rogers
1536,0.51,0.49,Jeremiah Hernandez
1537,0.484,0.516,Jakob Alamudun
1538,0.536,0.464,Alimamy Koroma
1539,0.684,0.316,Giovanni Santiago
1540,0.524,0.476,Tim Ceaser
1541,0.524,0.476,Miroslav Stafl
1542,0.504,0.496,Giordan Williams
1543,0.96,0.04,Miguel Tomley
1544,0.4,0.6,Thomas Bell
1545,0.884,0.116,Cade Alger
1546,0.536,0.464,Jalen Williams
1547,0.496,0.504,Kalik Brooks
1548,0.464,0.536,Joshua Lusane
1549,0.454,0.546,David Muoka
1550,0.824,0.176,Borja Fernandez
1551,0.512,0.488,Eric Beckett
1552,0.552,0.448,Anderson Kopp
1553,0.522,0.478,Corey Nickerson
1554,0.486,0.514,
1555,0.574,0.426,Jameer Nelson Jr.
1556,0.49,0.51,Jamison Battle
1557,0.46,0.54,Chase Paar
1558,0.676,0.324,Harouna Sissoko
1559,0.506,0.494,DaJuan Gordon
1560,0.536,0.464,
1561,0.49,0.51,
1562,0.588,0.412,Colin Kenney
1563,0.492,0.508,Marcus Foster
1564,0.516,0.484,Zach Newkirk
1565,0.66,0.34,Stephane Ayangma
1566,0.424,0.576,Jonny Lawrence
1567,0.472,0.528,Gaige Prim
1568,0.506,0.494,Elijah Ford
1569,0.8,0.2,Josh Earley
1570,0.51,0.49,Will Martinez
1571,0.506,0.494,Cole Henry
1572,0.506,0.494,Antwan Kimmons
1573,0.624,0.376,Elias King
1574,0.724,0.276,
1575,0.47,0.53,
1576,0.434,0.566,Delor Johnson
1577,0.566,0.434,Andrei Arion
1578,0.996,0.004,
1579,0.516,0.484,Jaden Bediako
1580,0.522,0.478,James Hampshire
1581,0.532,0.468,Alvin Stredic Jr
1582,0.502,0.498,Keion Brooks Jr.
1583,0.5,0.5,Jalen Jackson
1584,0.456,0.544,Armando Bacot
1585,0.51,0.49,Max Agbonkpolo
1586,0.512,0.488,Emanuel Miller
1587,0.546,0.454,Quenton Jackson
1588,0.406,0.594,Jonathan Aku
1589,0.438,0.562,Andre Gordon
1590,0.72,0.28,Drew Lutz
1591,0.528,0.472,Messiah Thompson
1592,0.73,0.27,Brandon Stone
1593,0.508,0.492,Lance Jones
1594,0.472,0.528,Amin Adamu
1595,0.652,0.348,Josh Thomas
1596,0.53,0.47,Oton Jankovic
1597,0.496,0.504,Mahamadou Diawara
1598,0.818,0.182,Anyang Garang
1599,0.424,0.576,De'Vion Harmon
1600,0.49,0.51,Victor Iwuakor
1601,0.468,0.532,Jalen Hill
1602,0.392,0.608,
1603,0.856,0.144,
1604,0.502,0.498,Ellis Jefferson
1605,0.472,0.528,Toumani Camara
1606,0.374,0.626,Sahvir Wheeler
1607,0.524,0.476,Bryan Smith
1608,0.442,0.558,Tyrese Jenkins
1609,0.604,0.396,Donovan Gregory
1610,0.526,0.474,Doug Edert
1611,0.484,0.516,Hassan Drame
1612,0.496,0.504,Emmanuel Tshimanga
1613,0.388,0.612,Isaiah Lee
1614,0.516,0.484,Ofure Ujadughele
1615,0.438,0.562,Matt Johnson
1616,0.424,0.576,Ja'Shonte Wright-McLeish
1617,0.71,0.29,Cole Bajema
1618,0.964,0.036,Ata Turgut
1619,0.514,0.486,Taylor Schildroth
1620,0.968,0.032,Trevin Knell
1621,0.51,0.49,Gage Bobe
1622,0.386,0.614,Braelen Bridges
1623,0.512,0.488,Jaylin Hunter
1624,0.462,0.538,Trenton Massner
1625,0.526,0.474,Jovan Zelenbaba
1626,0.528,0.472,Robert Chougkaz
1627,0.5,0.5,Rob Banks
1628,0.438,0.562,Mika Adams-Woods
1629,0.786,0.214,Robby Robinson
1630,0.456,0.544,
1631,0.422,0.578,Kane Milling
1632,0.744,0.256,Zane Meeks
1633,0.496,0.504,David Skogman
1634,0.49,0.51,
1635,0.416,0.584,Ben Roderick
1636,0.768,0.232,Lunden McDay
1637,0.412,0.588,Jaxon Brenchley
1638,0.536,0.464,
1639,0.518,0.482,Kobe Langley
1640,0.65,0.35,Eli Lawrence
1641,0.48,0.52,Josh Kunen
1642,0.722,0.278,Shamar Wright
1643,0.686,0.314,Mickey Pearson Jr.
1644,0.51,0.49,Yuri Collins
1645,0.666,0.334,Samuell Williamson
1646,0.512,0.488,Hidde Roessink
1647,0.486,0.514,
1648,0.89,0.11,Gibson Jimerson
1649,0.476,0.524,Terrence Hargrove Jr.
1650,0.456,0.544,Quinn Slazinski
1651,0.768,0.232,Phoenix Ford
1652,0.508,0.492,Seth Pinkney
1653,0.436,0.564,
1654,0.452,0.548,Kendall Lewis
1655,0.652,0.348,La'Mel Robinson
1656,0.508,0.492,Justin Webster
1657,0.444,0.556,Darrius Hughes
1658,0.43,0.57,Mysta Goodloe
1659,0.674,0.326,
1660,0.51,0.49,Immanuel Allen
1661,0.448,0.552,Marlon Ruffin
1662,0.658,0.342,Jalyn McCreary
1663,0.502,0.498,Jatayveous Watson
1664,0.402,0.598,Wildens Leveque
1665,0.814,0.186,Jaime Jaquez Jr.
1666,0.406,0.594,Gregory Hammond
1667,0.446,0.554,De'Sean Allen-Eikens
1668,0.516,0.484,Goran Miladinovic
1669,0.49,0.51,Devin Collins
1670,0.856,0.144,Taz Sherman
1671,0.41,0.59,Zach Iyeyemi
1672,0.772,0.228,Brady Danielson
1673,0.526,0.474,Hunter Janacek
1674,0.442,0.558,Mackenzie McFatten
1675,0.832,0.168,Malachi Rhodes
1676,0.802,0.198,Quinton Morton-Robertson
1677,0.524,0.476,
1678,0.492,0.508,Xander Rice
1679,0.538,0.462,James Bishop
1680,0.656,0.344,Edward Oliver-Hampton
1681,0.426,0.574,Chris Shelton
1682,0.65,0.35,Daniel Banister
1683,0.41,0.59,
1684,0.472,0.528,
1685,0.982,0.018,
1686,0.488,0.512,
1687,0.508,0.492,Okay Djamgouz
1688,0.664,0.336,Isaiah Cozart
1689,0.908,0.092,Chandler Turner
1690,0.402,0.598,Roti Ware
1691,0.452,0.548,Trey Diggs
1692,0.484,0.516,
1693,0.538,0.462,Rahmir Moore
1694,0.508,0.492,
1695,0.522,0.478,Jawaun Daniels
1696,0.644,0.356,Brady Spence
1697,0.444,0.556,Mike Green
1698,0.522,0.478,Trae Hannibal
1699,0.76,0.24,Robert Jones
1700,0.528,0.472,Jordan King
1701,0.408,0.592,Rob Higgins
1702,0.384,0.616,Trey Quartlebaum
1703,0.488,0.512,Kanon Koster
1704,0.554,0.446,Chris Freeman
1705,0.574,0.426,David Appelgren
1706,0.69,0.31,
1707,0.516,0.484,Ali Ali
1708,0.476,0.524,Jermaine Hamlin
1709,0.908,0.092,Greg Tribble
1710,0.53,0.47,Jamaal Walker
1711,0.482,0.518,Chol Marial
1712,0.432,0.568,Hakim Hart
1713,0.534,0.466,Luke Smith
1714,0.746,0.254,Trey Hutcheson
1715,0.718,0.282,John Ojiako
1716,0.376,0.624,Alex Ducas
1717,0.47,0.53,Kyle Bowen
1718,0.558,0.442,Nahiem Alleyne
1719,0.566,0.434,Jalen Cone
1720,0.952,0.048,Hunter Cattoor
1721,0.706,0.294,Keaston Willis
1722,0.634,0.366,Demond Robinson
1723,0.466,0.534,
1724,0.486,0.514,Ismael Massoud
1725,0.504,0.496,
1726,0.5,0.5,Ody Oguama
1727,0.49,0.51,Courtney Brown Jr.
1728,0.542,0.458,Tre' Williams
1729,0.474,0.526,Tasos Kamateros
1730,0.472,0.528,Nathaniel Stokes
1731,0.538,0.462,Charles Pride
1732,0.776,0.224,Michael Green III
1733,0.576,0.424,Jake LaRavia
1734,0.55,0.45,Seikou Sisoho Jawara
1735,0.824,0.176,Armaan Franklin
1736,0.48,0.52,
1737,0.532,0.468,Eric Lovett
1738,0.5,0.5,
1739,0.592,0.408,Jamon Battle
1740,0.522,0.478,Ryan Moffatt
1741,0.746,0.254,Trent Stephney
1742,0.406,0.594,
1743,0.388,0.612,Tahj Small
1744,0.478,0.522,Yahuza Rasas
1745,0.39,0.61,
1746,0.508,0.492,
1747,0.478,0.522,
1748,0.592,0.408,Elijah Morgan
1749,0.51,0.49,Jarred Hyder
1750,0.536,0.464,Evan Taylor
1751,0.542,0.458,Ezra Manjon
1752,0.462,0.538,Reed Myers
1753,0.478,0.522,Max Fiedler
1754,0.506,0.494,Ade Adebayo
1755,0.518,0.482,Zach Crisler
1756,0.692,0.308,Braden Bell
1757,0.75,0.25,DeShawn Thomas
1758,0.43,0.57,Anthony Holland
1759,0.578,0.422,Brandton Chatfield
1760,0.832,0.168,Jacob Toppin
1761,0.776,0.224,Jake Betlow
1762,0.52,0.48,Darrious Agnew
1763,0.448,0.552,Reed Fenton
1764,0.662,0.338,Ryan Rapp
1765,0.704,0.296,Noah Williams
1766,0.452,0.548,Tylan Pope
1767,0.44,0.56,Nobal Days
1768,0.508,0.492,Alex Hemenway
1769,0.494,0.506,Jamir Chaplin
1770,0.474,0.526,B.J. Mack
1771,0.454,0.546,Chase Hunter
1772,0.508,0.492,Al-Amir Dawes
1773,0.388,0.612,DJ Harvey
1774,0.504,0.496,Tyler Saint-Furcy
1775,0.542,0.458,Kofi Cockburn
1776,0.756,0.244,Devante Carter
1777,0.532,0.468,Ken Evans
1778,0.492,0.508,Yoro Sidibe
1779,0.528,0.472,Jonas James
1780,0.828,0.172,Rocket Watts
1781,0.652,0.348,Malik Hall
1782,0.506,0.494,Tyrell Jones
1783,0.74,0.26,Javon Franklin
1784,0.466,0.534,Allen Flanigan
1785,0.49,0.51,Jaylin Williams
1786,0.43,0.57,Julius Marble II
1787,0.512,0.488,Steven Izzo
1788,0.502,0.498,Khalif Battle
1789,0.508,0.492,Damion Baugh
1790,0.504,0.496,Ellis Magnuson
1791,0.492,0.508,Dereon Seabron
1792,0.666,0.334,Boogie Ellis
1793,0.532,0.468,Titus Wright
1794,0.532,0.468,
1795,0.372,0.628,Amari Davis
1796,0.648,0.352,
1797,0.464,0.536,Josh Corbin
1798,0.496,0.504,Dante Wilcox
1799,0.674,0.326,
1800,0.434,0.566,Spencer Jones
1801,0.492,0.508,Chase Claxton
1802,0.484,0.516,
1803,0.596,0.404,James Keefe
1804,0.706,0.294,
1805,0.43,0.57,Christian Ings
1806,0.5,0.5,Oumar Ballo
1807,0.49,0.51,Tyreke Locure
1808,0.628,0.372,
1809,0.654,0.346,Josiah Allick
1810,0.454,0.546,Sam Martin
1811,0.478,0.522,Shykeim Phillips
1812,0.656,0.344,Keli Leaupepe
1813,0.53,0.47,Pavel Zakharov
1814,0.472,0.528,Anton Watson
1815,0.47,0.53,Darion Spottsville
1816,0.494,0.506,Jason Gibson
1817,0.448,0.552,Charles Thompson
1818,0.53,0.47,Sammy Itodo
1819,0.52,0.48,Keeshawn Barthelemy
1820,0.476,0.524,Ben Wight
1821,0.472,0.528,N'Faly Dante
1822,0.488,0.512,Trey Calvin
1823,0.408,0.592,Demarkus Lampley
1824,0.502,0.498,Bryan Antoine
1825,0.536,0.464,Luke Bumbalough
1826,0.532,0.468,Jay Heath
1827,0.45,0.55,Julian Rishwain
1828,0.912,0.088,CJ Felder
1829,0.49,0.51,Tre Jackson
1830,0.504,0.496,KK Curry
1831,0.53,0.47,Drew Timme
1832,0.478,0.522,RJ Rhoden
1833,0.492,0.508,Martynas Arlauskas
1834,0.352,0.648,Jacob Johnson
1835,0.716,0.284,Adam Sizemore
1836,0.512,0.488,Craig Beaudion
1837,0.796,0.204,Anthony Walker
1838,0.546,0.454,
1839,0.616,0.384,Keishawn Davidson
1840,0.456,0.544,Anthony Selden
1841,0.496,0.504,Tom Welch
1842,0.516,0.484,Ja'Monta Black
1843,0.36,0.64,Marquise Kennedy
1844,0.66,0.34,Abdoul Karim Coulibaly
1845,0.784,0.216,Gerald Drumgoole Jr.
1846,0.63,0.37,Coreyoun Rushin
1847,0.524,0.476,Jacco Fritz
1848,0.706,0.294,Jovan Stulic
1849,0.494,0.506,Ryan Wade
1850,0.468,0.532,Kobe Brown
1851,0.834,0.166,Armon Harried
1852,0.986,0.014,Jaden Frazier
1853,0.51,0.49,
1854,0.45,0.55,Tyler Wahl
1855,0.636,0.364,Dontavius King
1856,0.496,0.504,Blaze Nield
1857,0.662,0.338,Nate Lliteras
1858,0.58,0.42,
1859,0.956,0.044,KyKy Tandy
1860,0.844,0.156,
1861,0.414,0.586,Jason Murphy
1862,0.996,0.004,Luke Ruggery
1863,0.986,0.014,
1864,0.474,0.526,Josh Cohen
1865,0.512,0.488,
1866,0.524,0.476,Dieonte Miles
1867,0.504,0.496,Rienk Mast
1868,0.608,0.392,
1869,0.442,0.558,Ville Tahvanainen
1870,0.412,0.588,Benjamin Bosmans-Verdonk
1871,0.55,0.45,Alondes Williams
1872,0.772,0.228,Noel Coleman
1873,0.502,0.498,Corbin Merritt
1874,0.552,0.448,
1875,0.486,0.514,
1876,0.9,0.1,James Jean-Marie
1877,0.336,0.664,Malik Porter
1878,0.492,0.508,Hunter Woods
1879,0.638,0.362,Daniel Rodriguez
1880,0.718,0.282,Tarik Cool
1881,0.42,0.58,
1882,0.526,0.474,
1883,0.712,0.288,Brandon Rush
1884,0.478,0.522,Dylan van Eyck
1885,0.486,0.514,Jackson Gammons
1886,0.51,0.49,Caleb Fields
1887,0.85,0.15,Stephen Clark
1888,0.502,0.498,Trey Anderson
1889,0.5,0.5,Cobe Williams
1890,0.598,0.402,Isaiah Crawford
1891,0.488,0.512,Colton Cashaw
1892,0.578,0.422,Bryce Williams
1893,0.502,0.498,
1894,0.524,0.476,Damiree Burns
1895,0.52,0.48,Terrell Williams Jr.
1896,0.536,0.464,Jalen Gaffney
1897,0.53,0.47,Matt Smith
1898,0.496,0.504,Seth Lundy
1899,0.5,0.5,Jakov Kukic
1900,0.816,0.184,Emmanuel Kuac
1901,0.472,0.528,AJ Bramah
1902,0.356,0.644,Quamain Nelson
1903,0.526,0.474,Evan Smith
1904,0.392,0.608,Rahsaan Edwards
1905,0.804,0.196,Omar Croskey
1906,0.478,0.522,Dahmir Bishop
1907,0.5,0.5,Tyler Stephenson-Moore
1908,0.408,0.592,Mouhamadou Gueye
1909,0.39,0.61,Daniel Ogoro
1910,0.726,0.274,
1911,0.502,0.498,
1912,0.516,0.484,E.J. Liddell
1913,0.514,0.486,Adonis Arms
1914,0.492,0.508,Logan Alters
1915,0.424,0.576,
1916,0.85,0.15,Jaelen House
1917,0.39,0.61,Desmond Williams
1918,0.534,0.466,Lars Thiemann
1919,0.47,0.53,Jonathan Steelman
1920,0.77,0.23,Zach Freemantle
1921,0.518,0.482,
1922,0.46,0.54,Marcus Domask
1923,0.856,0.144,Trent Brown
1924,0.662,0.338,Josh Endicott
1925,0.79,0.21,
1926,0.666,0.334,Darion Jordan-Thomas
1927,0.55,0.45,Emmanuel Adedoyin
1928,0.83,0.17,Ja'Mier Fletcher
1929,0.504,0.496,Tony Johnson Jr.
1930,0.83,0.17,Justin McKoy
1931,0.762,0.238,Andrew Kenny
1932,0.5,0.5,Alphonso Anderson
1933,0.488,0.512,
1934,0.484,0.516,Chris Efretuei
1935,0.452,0.548,Trayce Jackson-Davis
1936,0.358,0.642,
1937,0.898,0.102,Elijah Ifejeh
1938,0.586,0.414,Luke Phillips
1939,0.542,0.458,Langston Powell
1940,0.356,0.644,
1941,0.426,0.574,Justin Rene
1942,0.52,0.48,Jalen Warren
1943,0.556,0.444,Chance Hunter
1944,0.848,0.152,Joshua Morgan
1945,0.714,0.286,Romelle Mansel
1946,0.45,0.55,Jalen White
1947,0.394,0.606,
1948,0.598,0.402,Emmanuel Izunabor
1949,0.494,0.506,
1950,0.504,0.496,Bryant Randleman
1951,0.536,0.464,Yarden Willis
1952,0.452,0.548,Kuany Kuany
1953,0.39,0.61,David Roddy
1954,0.41,0.59,DeAngelo Epps
1955,0.818,0.182,KJ Cunningham
1956,0.69,0.31,Robbie Beran
1957,0.608,0.392,Tyrease Terrell
1958,0.502,0.498,Jamir Williams
1959,0.852,0.148,
1960,0.578,0.422,
1961,0.806,0.194,James Rojas
1962,0.402,0.598,Jaylen Forbes
1963,0.51,0.49,Jaden Shackelford
1964,0.49,0.51,Juwan Gary
1965,0.48,0.52,Ben Sheppard
1966,0.802,0.198,Noah Fernandes
1967,0.47,0.53,Juwan Perdue
1968,0.762,0.238,PJ Fuller
1969,0.648,0.352,Caleb Mills
1970,0.352,0.648,Francisco Farabello
1971,0.44,0.56,Aidan Igiehon
1972,0.714,0.286,Josh Nickelberry
1973,0.492,0.508,Steele Venters
1974,0.374,0.626,Diante Smith
1975,0.342,0.658,Taryn Todd
1976,0.564,0.436,Dontaie Allen
1977,0.534,0.466,Dequan Morris
1978,0.412,0.588,Anthony Harris
1979,0.528,0.472,Ethan Anderson
1980,0.986,0.014,Kshun Stokes
1981,0.46,0.54,Markedric Bell
1982,0.698,0.302,Mylik Wilson
1983,0.476,0.524,Caleb Asberry
1984,0.534,0.466,Isiah Small
1985,0.426,0.574,Russhard Cruickshank
1986,0.626,0.374,Jalen Bridges
1987,0.424,0.576,Aaron Estrada
1988,0.414,0.586,Matthew Lee
1989,0.444,0.556,Ayinde Hikim
1990,0.674,0.326,Mike DePersia
1991,0.598,0.402,Jordan Wright
1992,0.554,0.446,Sherif Kenney
1993,0.446,0.554,Julien Wooden
1994,0.652,0.348,Michael Christmas
1995,0.694,0.306,
1996,0.454,0.546,Cartier Jernigan
1997,0.456,0.544,
1998,0.492,0.508,Tyler Morman
1999,0.564,0.436,Jacob Germany
2000,0.484,0.516,Luka Barisic
2001,0.522,0.478,Jason Jitoboh
2002,0.36,0.64,Bernard Kouma
2003,0.684,0.316,
2004,0.624,0.376,Christian Brown
2005,0.51,0.49,Omar Payne
2006,0.54,0.46,Austin Crowley
2007,0.708,0.292,Bahaide Haidara
2008,0.52,0.48,Jalen Graham
2009,0.482,0.518,Hall Elisias
2010,0.496,0.504,
2011,0.384,0.616,Khalil Robinson
2012,0.52,0.48,Charles Smith IV
2013,0.506,0.494,Brice Williams
2014,0.512,0.488,Khalyl Waters
2015,0.5,0.5,Jack Forrest
2016,0.504,0.496,Nick Caldwell
2017,0.666,0.334,Tyler Cochran
2018,0.468,0.532,Jakevan Leftridge
2019,0.68,0.32,D.J. Thorpe
2020,0.842,0.158,Kruz Perrott-Hunt
2021,0.492,0.508,A.J. Plitzuweit
2022,0.412,0.588,Terrell Burden
2023,0.53,0.47,Nate Jenkins
2024,0.502,0.498,Armani Harris
2025,0.61,0.39,Tremont Robinson-White
2026,0.556,0.444,Nyzaiah Chambers
2027,0.502,0.498,Leslie Nkereuwem
2028,0.534,0.466,
2029,0.64,0.36,Allen Powell
2030,0.728,0.272,
2031,0.712,0.288,
2032,0.524,0.476,Nikc Jackson
2033,0.472,0.528,Daryl Anderson
2034,0.458,0.542,Masai Olowokere
2035,0.69,0.31,Caleb Burgess
2036,0.432,0.568,Josh Vazquez
2037,0.77,0.23,Kyle Owens
2038,0.826,0.174,Kadin Shedrick
2039,0.498,0.502,C.J. Wilbourn
2040,0.836,0.164,
2041,0.422,0.578,Kalil Thomas
2042,0.786,0.214,
2043,0.778,0.222,Connor Nelson
2044,0.498,0.502,
2045,0.514,0.486,Caleb Christopher
2046,0.43,0.57,Ben Lubarsky
2047,0.428,0.572,
2048,0.49,0.51,LaQuan Butler
2049,0.776,0.224,Bas Leyte
2050,0.626,0.374,
2051,0.674,0.326,EJ Williams
2052,0.78,0.22,
2053,0.536,0.464,Louis Tang
2054,0.516,0.484,Garrett Hicks
2055,0.52,0.48,Camden Vander Zwaag
2056,0.548,0.452,
2057,0.664,0.336,Da'mir Faison
2058,0.668,0.332,Kassim Nicholson
2059,0.422,0.578,Kmani Doughty
2060,0.528,0.472,
2061,0.49,0.51,Rodney Carson Jr.
2062,0.508,0.492,Justus Rainwater
2063,0.502,0.498,Dajuan Harris
2064,0.534,0.466,Tyler Thomas
2065,0.46,0.54,R.J. McGee
2066,0.482,0.518,Sean Yoder
2067,0.49,0.51,Tyler Nelson
2068,0.488,0.512,
2069,0.458,0.542,Jaylen Walker
2070,0.498,0.502,Daniel Deaver
2071,0.696,0.304,Patrick Dorsey
2072,0.468,0.532,
2073,0.51,0.49,Neal Quinn
2074,0.494,0.506,Daman Tate
2075,0.498,0.502,Leo O'Boyle
2076,0.47,0.53,Ethan Brittain-Watts
2077,0.61,0.39,
2078,0.386,0.614,Mervin James
2079,0.634,0.366,Brandon Newman
2080,0.604,0.396,Jalen Thomas
2081,0.494,0.506,Alonzo Verge Jr.
2082,0.498,0.502,Keshad Johnson
2083,0.516,0.484,Trey Pulliam
2084,0.45,0.55,James Moors
2085,0.538,0.462,Alejandro Ralat
2086,0.526,0.474,
2087,0.782,0.218,Isaiah Stevens
2088,0.454,0.546,Kyle Rose
2089,0.436,0.564,Wheza Panzo
2090,0.87,0.13,Fousseyni Drame
2091,0.5,0.5,Daryl Banks III
2092,0.468,0.532,
2093,0.472,0.528,Dylan Disu
2094,0.402,0.598,Charlie Weber
2095,0.5,0.5,Vonnie Patterson
2096,0.734,0.266,Jonas Visser
2097,0.556,0.444,Scotty Pippen Jr.
2098,0.786,0.214,Volodymyr Markovetskyy
2099,0.382,0.618,Mykel Derring
2100,0.54,0.46,
2101,0.51,0.49,
2102,0.516,0.484,Mikey Watkins
2103,0.442,0.558,Devin Jensen
2104,0.64,0.36,
2105,0.542,0.458,Kareem Reid
2106,0.964,0.036,Jared Coleman-Jones
2107,0.466,0.534,Rainers Hermanovskis
2108,0.354,0.646,Miguel Ayesa
2109,0.522,0.478,Blondeau Tchoukuiengo
2110,0.632,0.368,Miles James
2111,0.494,0.506,Kyle Rode
2112,0.598,0.402,Shiloh Robinson
2113,0.484,0.516,Charles Coleman
2114,0.502,0.498,Colton Reed
2115,0.788,0.212,Ludgy Debaut
2116,0.698,0.302,Andrei Savrasov
2117,0.38,0.62,Russel Tchewa
2118,0.76,0.24,Terrence Shannon Jr.
2119,0.814,0.186,Clarence Nadolny
2120,0.5,0.5,Tyreek Smith
2121,0.426,0.574,Dylan Jergens
2122,0.496,0.504,Caleb Hodgson
2123,0.448,0.552,
2124,0.578,0.422,
2125,0.702,0.298,Donovan Clay
2126,0.378,0.622,Cameron Carter
2127,0.536,0.464,Emil Freese-Vilien
2128,0.828,0.172,Carter Murphy
2129,0.506,0.494,
2130,0.508,0.492,Nathan Scott
2131,0.694,0.306,
2132,0.992,0.008,Maleeck Harden-Hayes
2133,0.516,0.484,Travis Evee
2134,0.396,0.604,Dean Keeler
2135,0.502,0.498,Austin Johnson
2136,0.544,0.456,
2137,0.668,0.332,
2138,0.518,0.482,
2139,0.49,0.51,Noah Waterman
2140,0.532,0.468,Justin Hohn
2141,0.496,0.504,
2142,0.458,0.542,
2143,0.508,0.492,John McGriff
2144,0.498,0.502,Brenton Mills
2145,0.494,0.506,Hakon Hjalmarsson
2146,0.888,0.112,Adham Eleeda
2147,0.558,0.442,Jace Piatkowski
2148,0.482,0.518,Julian Champagnie
2149,0.956,0.044,Yvan Ouedraogo
2150,0.416,0.584,Kaleb Coleman
2151,0.624,0.376,Donavan Moore
2152,0.5,0.5,Josh Oduro
2153,0.49,0.51,Marcus Sasser
2154,0.464,0.536,Tanner Shulman
2155,0.442,0.558,Antonio Gordon
2156,0.644,0.356,
2157,0.41,0.59,Alejandro Vasquez
2158,0.612,0.388,Tre Gomillion
2159,0.618,0.382,Franklyn Penn Jr.
2160,0.526,0.474,Rayquan Evans
2161,0.444,0.556,Miles Brown
2162,0.544,0.456,Jonah Jackson
2163,0.612,0.388,Greg Outlaw
2164,0.702,0.298,Nathanael Jack
2165,0.512,0.488,Myles Baker
2166,0.454,0.546,
2167,0.702,0.298,Kirk Parker
2168,0.696,0.304,
2169,0.476,0.524,Malik Curry
2170,0.52,0.48,JaVonni Bickham
2171,0.724,0.276,
2172,0.388,0.612,
2173,0.52,0.48,Yavuz Gultekin
2174,0.45,0.55,Mark Freeman
2175,0.472,0.528,Samari Curtis
2176,0.69,0.31,
2177,0.936,0.064,Ayaan Sohail
2178,0.526,0.474,
2179,0.49,0.51,Dru Kuxhausen
2180,0.986,0.014,Cedric Henderson Jr.
2181,0.45,0.55,Quirin Emanga
2182,0.556,0.444,Kevin Cross
2183,0.83,0.17,Kolton Mitchell
2184,0.46,0.54,T.J. Weeks
2185,0.772,0.228,
2186,0.518,0.482,David Sloan
2187,0.64,0.36,Tre Mitchell
2188,0.81,0.19,Tyler Burton
2189,0.556,0.444,Isaiah Minter
2190,0.662,0.338,Michael Moreno
2191,0.61,0.39,Damian Dunn
2192,0.528,0.472,Josh Pierre-Louis
2193,0.462,0.538,Curt Lewis
2194,0.518,0.482,Tariq Balogun
2195,0.516,0.484,
2196,0.522,0.478,Ola Olamuyiwa
2197,0.514,0.486,
2198,0.466,0.534,Brayden Parker
2199,0.706,0.294,Greg Gantt
2200,0.682,0.318,Isiaih Mosley
2201,0.48,0.52,Jordan Mason
2202,0.998,0.002,Isaiah Hill
2203,0.636,0.364,Alex Morales
2204,0.546,0.454,Dexter Akanno
2205,0.744,0.256,Symir Torrence
2206,0.55,0.45,Marko Sarenac
2207,0.398,0.602,Brian Taylor
2208,0.44,0.56,Shawn Stith
2209,0.498,0.502,Ray Somerville
2210,0.474,0.526,Deonte Billups
2211,0.684,0.316,Justin Bieker
2212,0.628,0.372,Isaiah Hawthorne
2213,0.534,0.466,Rylan Jones
2214,0.498,0.502,Jeremiah Davenport
2215,0.454,0.546,Zach Harvey
2216,0.502,0.498,Russell Dean
2217,0.97,0.03,Davion Warren
2218,0.554,0.446,
2219,0.362,0.638,
2220,0.456,0.544,
2221,0.456,0.544,
2222,0.47,0.53,Axel Okongo
2223,0.512,0.488,Tyler Millin
2224,0.49,0.51,DJ Rodman
2225,0.506,0.494,
2226,0.516,0.484,Orlando Robinson
2227,0.5,0.5,Lamar Wright
2228,0.788,0.212,Jesus Carralero
2229,0.524,0.476,Nick Fiorillo
2230,0.474,0.526,Quinton Ford
2231,0.804,0.196,Henry Makeny
2232,0.696,0.304,Jae'Lyn Withers
2233,0.514,0.486,Kalib Boone
2234,0.49,0.51,
2235,0.86,0.14,Marcus Watson
2236,0.422,0.578,Rob Perry
2237,0.724,0.276,Keylan Boone
2238,0.538,0.462,Joel Kabimba
2239,0.5,0.5,Avery Anderson III
2240,0.488,0.512,
2241,0.518,0.482,
2242,0.512,0.488,Omari Moore
2243,0.502,0.498,
2244,0.382,0.618,Marcus Larsson
2245,0.39,0.61,Ben Daugherty
2246,0.5,0.5,Blake Lampman
2247,0.506,0.494,Jason Thompson
2248,0.528,0.472,Daniel Oladapo
2249,0.4,0.6,Emmanuel Newsome
2250,0.386,0.614,CJ Gettelfinger
2251,0.822,0.178,Yusuf Jihad
2252,0.458,0.542,Dimon Carrigan
2253,0.372,0.628,
2254,0.434,0.566,
2255,0.384,0.616,
2256,0.464,0.536,Isaiah Thompson
2257,0.718,0.282,
2258,0.402,0.598,
2259,0.472,0.528,Sean Conway
2260,0.94,0.06,Jordyn Adams
2261,0.82,0.18,Daniel Mading
2262,0.502,0.498,Zyon Pullin
2263,0.544,0.456,
2264,0.506,0.494,
2265,0.492,0.508,Andrew Barrett
2266,0.5,0.5,Issa Samake
2267,0.492,0.508,Calvin Solomon
2268,0.848,0.152,Charlie Daniels
2269,0.514,0.486,Nate Ferguson
2270,0.542,0.458,Joseph Yesufu
2271,0.494,0.506,Jordan Minor
2272,0.506,0.494,Ziggy Reid
2273,0.802,0.198,Jordan McKoy
2274,0.338,0.662,Justin Connolly
2275,0.754,0.246,Christian Koloko
2276,0.624,0.376,Keyshaun Langley
2277,0.492,0.508,Isaac Stansbury
2278,0.486,0.514,James Glisson III
2279,0.404,0.596,Diego Rivera
2280,0.442,0.558,Chase Johnston
2281,0.458,0.542,Kamar Robertson
2282,0.982,0.018,Donta Scott
2283,0.498,0.502,Babatunde Akingbola
2284,0.548,0.452,Makhi Mitchell
2285,0.472,0.528,Makhel Mitchell
2286,0.498,0.502,Devan Cambridge
2287,0.572,0.428,
2288,0.624,0.376,Dardan Kapiti
2289,0.488,0.512,Jonathan Nunez
2290,0.508,0.492,Kyle Sturdivant
2291,0.816,0.184,Isaiah Mobley
2292,0.428,0.572,Dearon Tucker
2293,0.58,0.42,Julien Franklin
2294,0.892,0.108,
2295,0.944,0.056,Jarod Lucas
2296,0.718,0.282,Roman Silva
2297,0.95,0.05,Gianni Hunt
2298,0.5,0.5,Sean Miller-Moore
2299,0.91,0.09,Chico Carter Jr.
2300,0.66,0.34,Tyrese Samuel
2301,0.514,0.486,Connor Withers
2302,0.506,0.494,Quinn Richey
2303,0.664,0.336,Aaron Deloney
2304,0.658,0.342,Charles Manning Jr.
2305,0.452,0.548,Jake van der Heijden
2306,0.488,0.512,
2307,0.53,0.47,Alex Timmerman
2308,0.458,0.542,
2309,0.424,0.576,
2310,0.508,0.492,Paul Mulcahy
2311,0.804,0.196,Jovan Blacksher Jr.
2312,0.522,0.478,
2313,0.82,0.18,Brandon Battle
2314,0.722,0.278,Terreon Randolph
2315,0.494,0.506,Caleb Hunter
2316,0.97,0.03,
2317,0.53,0.47,Zahad Munford
2318,0.554,0.446,Tra'Michael Moton
2319,0.674,0.326,Cameron Brown
2320,0.6,0.4,Hyunjung Lee
2321,0.538,0.462,David Kristensen
2322,0.388,0.612,
2323,0.514,0.486,Elijah Pepper
2324,0.57,0.43,Aaron Murphy
2325,0.664,0.336,Jackson Harlan
2326,0.57,0.43,Jordan Rawls
2327,0.738,0.262,Tristan Green
2328,0.482,0.518,John Tonje
2329,0.524,0.476,Rudy Fitzgibbons III
2330,0.81,0.19,
2331,0.692,0.308,Antwon Jackson
2332,0.98,0.02,Roscoe Eastmond
2333,0.998,0.002,Mo Arnold
2334,0.466,0.534,Caleb Grill
2335,0.688,0.312,Maceo Austin
2336,0.512,0.488,Kamari Williams
2337,0.472,0.528,
2338,0.506,0.494,Jamil Riggins
2339,0.546,0.454,
2340,0.826,0.174,Brendan McGuire
2341,0.642,0.358,Morgan Safford
2342,0.538,0.462,RaeQuan Battle
2343,0.462,0.538,
2344,0.5,0.5,Thatcher Stone
2345,0.52,0.48,Xavier Cork
2346,0.808,0.192,Ilija Stefanovic
2347,0.698,0.302,Bernardo da Silva
2348,0.894,0.106,D.J. Johnson
2349,0.79,0.21,Cameron O'Conner
2350,0.746,0.254,Malcolm Dandridge
2351,0.528,0.472,John-Michael Mulloy
2352,0.502,0.498,Mike Parker
2353,0.518,0.482,Lester Quinones
2354,0.698,0.302,Japannah Kellogg III
2355,0.494,0.506,Lucas Stieber
2356,0.512,0.488,
2357,0.56,0.44,Keegan Records
2358,0.496,0.504,Tevin Brewer
2359,0.676,0.324,
2360,0.48,0.52,
2361,0.776,0.224,
2362,0.982,0.018,Moulaye Sissoko
2363,0.984,0.016,Quinten Post
2364,0.49,0.51,Tyson Jackson
2365,0.632,0.368,Matt van Komen
2366,0.808,0.192,
2367,0.69,0.31,Golden Dike
2368,0.646,0.354,Iverson Molinar
2369,0.524,0.476,
2370,0.484,0.516,Quincy Olivari
2371,0.822,0.178,Jan Zidek
2372,0.512,0.488,Majok Deng
2373,0.848,0.152,Imajae Dodd
2374,0.348,0.652,Jake Boggs
2375,0.496,0.504,Sedrick Altman
2376,0.416,0.584,Lance Coleman II
2377,0.492,0.508,
2378,0.438,0.562,Owen McCormack
2379,0.48,0.52,Tommy Bruner
2380,0.526,0.474,Wilfried Likayi
2381,0.676,0.324,Khydarius Smith
2382,0.802,0.198,Garrick Green
2383,0.474,0.526,Keishawn Brewton
2384,0.516,0.484,Tristen Newton
2385,0.506,0.494,
2386,0.68,0.32,Brandon Suggs
2387,0.63,0.37,
2388,0.69,0.31,Wendell Moore Jr.
2389,0.808,0.192,Ben Hendriks
2390,0.696,0.304,Nick Johnson
2391,0.546,0.454,Jacob Groves
2392,0.474,0.526,Oscar Tshiebwe
2393,0.414,0.586,B. Artis White
2394,0.5,0.5,Sean McNeil
2395,0.502,0.498,J'Wan Roberts
2396,0.79,0.21,D.J. Jeffries
2397,0.982,0.018,Akrum Ahemed
2398,0.668,0.332,Jake Kyman
2399,0.556,0.444,Harry Morrice
2400,0.866,0.134,Russell Jones Jr.
2401,0.502,0.498,Jamal King
2402,0.682,0.318,Marko Lukic
2403,0.54,0.46,Ralph Agee
2404,0.98,0.02,Isaiah Lewis
2405,0.972,0.028,Isaiah Gross
2406,0.984,0.016,Trever Irish
2407,0.522,0.478,
2408,0.516,0.484,Hason Ward
2409,0.846,0.154,TJ Nagy
2410,0.672,0.328,John-Michael Wright
2411,0.49,0.51,Brenden Tucker
2412,0.61,0.39,Trevon Reddish
2413,0.51,0.49,Dan Petcash
2414,0.71,0.29,Justin Moore
2415,0.658,0.342,Chris Arcidiacono
2416,0.692,0.308,Dane Quest
2417,0.502,0.498,Lok Wur
2418,0.91,0.09,C.J. Walker
2419,0.548,0.452,Chandler Lawson
2420,0.514,0.486,Boo Buie
2421,0.516,0.484,Christian Ray
2422,0.77,0.23,Noah Carter
2423,0.782,0.218,Romar Reid
2424,0.534,0.466,
2425,0.67,0.33,James Betz
2426,0.988,0.012,
2427,0.638,0.362,Lenny Ricca
2428,0.44,0.56,Cyrus Largie
2429,0.496,0.504,
2430,0.702,0.298,
2431,0.44,0.56,Tre Williams
2432,0.51,0.49,Jelly Walker
2433,0.478,0.522,Paxson Wojcik
2434,0.552,0.448,Keith Clemons
2435,0.546,0.454,
2436,0.64,0.36,EJ Bellinger
2437,0.686,0.314,Avery Felts
2438,0.398,0.602,Malcolm Farrington
2439,0.506,0.494,Tray Jackson
2440,0.872,0.128,Prosper Obidiebube
2441,0.692,0.308,Joe Pridgen
2442,0.498,0.502,
2443,0.412,0.588,
2444,0.728,0.272,Vito Cubrilo
2445,0.406,0.594,Sam Freeman
2446,0.514,0.486,Isaiah Powell
2447,0.586,0.414,Jubrile Belo
2448,0.848,0.152,Tyson Walker
2449,0.48,0.52,Dakota Rivers
2450,0.816,0.184,Qwanzi Samuels
2451,0.992,0.008,Brycen Goodine
2452,0.452,0.548,Quincy Guerrier
2453,0.504,0.496,Joseph Girard III
2454,0.538,0.462,John Bol Ajak
2455,0.49,0.51,Jaren Holmes
2456,0.48,0.52,Zion Williams
2457,0.8,0.2,Jesse Edwards
2458,0.502,0.498,
2459,0.532,0.468,Fred Rullo IV
2460,0.478,0.522,Max Abmas
2461,0.508,0.492,
2462,0.49,0.51,
2463,0.724,0.276,Jonathan Jackson Jr.
2464,0.528,0.472,
2465,0.53,0.47,
2466,0.504,0.496,Tre Armstrong
2467,0.808,0.192,Reed Nottage
2468,0.46,0.54,Michael Shanks
2469,0.452,0.548,Tyson Etienne
2470,0.512,0.488,Darin Green Jr.
2471,0.702,0.298,
2472,0.51,0.49,Harwin Francois
2473,0.484,0.516,Oscar Lopez Jr.
2474,0.548,0.452,T.J. Bickerstaff
2475,0.406,0.594,Mate Okros
2476,0.664,0.336,Hunter McIntosh
2477,0.472,0.528,Gabe Quinnett
2478,0.954,0.046,Andrew Muse
2479,0.75,0.25,Patrick McCaffery
2480,0.756,0.244,DeWayne Cox
2481,0.74,0.26,Bryant Greene
2482,0.724,0.276,Essam Mostafa
2483,0.632,0.368,
2484,0.67,0.33,Jordan Turner
2485,0.648,0.352,Jalen Hawkins
2486,0.672,0.328,
2487,0.46,0.54,Cam Spencer
2488,0.698,0.302,Alfonso Plummer
2489,0.742,0.258,
2490,0.49,0.51,Branden Carlson
2491,0.65,0.35,
2492,0.596,0.404,
2493,0.652,0.348,
2494,0.482,0.518,Eric Dixon
2495,0.804,0.196,
2496,0.898,0.102,Enrique Freeman
2497,0.934,0.066,Khristion Courseault
2498,0.536,0.464,Julius Dixon
2499,0.812,0.188,Ta'lon Cooper
2500,0.868,0.132,Grant Sherfield
2501,0.812,0.188,Denijay Harris
2502,0.518,0.482,LJ Bryan
2503,0.496,0.504,
2504,0.73,0.27,Ques Glover
2505,0.518,0.482,"KJ Hunt, Jr."
2506,0.96,0.04,Kwane Marble II
2507,0.654,0.346,Carson Bischoff
2508,0.656,0.344,Harminder Dhaliwal
2509,0.452,0.548,Alec Woodard
2510,0.502,0.498,
2511,0.516,0.484,Erik Czumbel
2512,0.486,0.514,Olivier Nkamhoua
2513,0.45,0.55,Jordan Skipper-Brown
2514,0.53,0.47,
2515,0.466,0.534,Coryon Mason
2516,0.566,0.434,George Dixon
2517,0.592,0.408,Keondre Kennedy
2518,0.502,0.498,Allan Jeanne-Rose
2519,0.434,0.566,Takori Rooks
2520,0.398,0.602,George Tinsley
2521,0.482,0.518,Jordan Hairston
2522,0.696,0.304,Roy Dixon III
2523,0.658,0.342,Amadou Sylla
2524,0.856,0.144,Joel Brown
2525,0.522,0.478,Ador Athuai
2526,0.402,0.598,Kenan Blackshear
2527,0.738,0.262,Davonte Gaines
2528,0.46,0.54,Kayne Henry
2529,0.586,0.414,Martin Roub
2530,0.476,0.524,Jeffery Armstrong
2531,0.548,0.452,Hunter Dean
2532,0.994,0.006,Jaxon Etter
2533,0.4,0.6,Rodney Howard
2534,0.67,0.33,Casey Morsell
2535,0.568,0.432,Ebby Asamoah
2536,0.672,0.328,Harlond Beverly
2537,0.484,0.516,Tyler Robertson
2538,0.51,0.49,Kevin Easley Jr.
2539,0.564,0.436,Johnny McCoy
2540,0.504,0.496,Isaiah Wong
2541,0.78,0.22,Sammy Hunter
2542,0.546,0.454,Rod Thomas
2543,0.646,0.354,Johnny Juzang
2544,0.752,0.248,Brennan Canada
2545,0.468,0.532,
2546,0.476,0.524,Donovan Williams
2547,0.614,0.386,
2548,0.508,0.492,Jalen Windham
2549,0.666,0.334,Dimitrios Klonaras
2550,0.524,0.476,
2551,0.616,0.384,Shereef Mitchell
2552,0.68,0.32,
2553,0.838,0.162,Nick Stampley
2554,0.718,0.282,
2555,0.648,0.352,Joel Soriano
2556,0.65,0.35,DJ Horne
2557,0.494,0.506,Christian Braun
2558,0.798,0.202,
2559,0.9,0.1,
2560,0.528,0.472,Tristan Enaruna
2561,0.678,0.322,Javin Etzler
2562,0.608,0.392,Jalen Wilson
2563,0.47,0.53,Dae Dae Grant
2564,0.468,0.532,
2565,0.464,0.536,PJ Henry
2566,0.708,0.292,Jahcobi Neath
2567,0.522,0.478,Jonas Munson
2568,0.996,0.004,Joe Toussaint
2569,0.404,0.596,Kvonn Cramer
2570,0.866,0.134,Collin Cooper
2571,0.478,0.522,Derrick Carter-Hollinger
2572,0.476,0.524,Tariq Ingraham
2573,0.52,0.48,Dischon Thomas
2574,0.634,0.366,DQ Nicholas
2575,0.424,0.576,Broc Finstuen
2576,0.48,0.52,Emmanuel Bandoumel
2577,0.468,0.532,
2578,0.62,0.38,
2579,0.428,0.572,Ajang Aguek
2580,0.54,0.46,CJ Haut
2581,0.596,0.404,Ty Gordon
2582,0.92,0.08,Jahmir Young
2583,0.986,0.014,Caleb Stone-Carrawell
2584,0.54,0.46,Ahmard Harvey
2585,0.738,0.262,Travion McCray
2586,0.452,0.548,Jalen Benjamin
2587,0.502,0.498,Max Brackmann
2588,0.492,0.508,Tyler Harris
2589,0.77,0.23,Ahmir Langlais
2590,0.52,0.48,
2591,0.506,0.494,Sam DeVault
2592,0.458,0.542,Marcus Tsohonis
2593,0.88,0.12,Isaiah Palermo
2594,0.57,0.43,Pierre Crockrell II
2595,0.486,0.514,Cameron Tucker
2596,0.664,0.336,Kamdyn Curfman
2597,0.52,0.48,Jalen Johnson
2598,0.758,0.242,Douglas Wilson
2599,0.448,0.552,Tory San Antonio
2600,0.498,0.502,Baylor Scheierman
2601,0.678,0.322,RayJ Dennis
2602,0.498,0.502,Noah Freidel
2603,0.376,0.624,Josiah-Jordan James
2604,0.736,0.264,Drew Pember
2605,0.816,0.184,Mahki Morris
2606,0.708,0.292,Marvin Johnson
2607,0.752,0.248,Chris Maidoh
2608,0.514,0.486,Jamison Overton
2609,0.516,0.484,Airion Simmons
2610,0.422,0.578,
2611,0.458,0.542,Nathan Johnson
2612,0.5,0.5,Ben Krikke
2613,0.506,0.494,
2614,0.982,0.018,Lagio Grantsaan
2615,0.596,0.404,Isaiah Garcia
2616,0.726,0.274,Jared Barnett
2617,0.71,0.29,Tanner Holden
2618,0.526,0.474,Collin Warren
2619,0.644,0.356,Bryson Langdon
2620,0.698,0.302,Lance Terry
2621,0.758,0.242,Chris Harris
2622,0.546,0.454,Sam Griffin
2623,0.526,0.474,Jarvis Vaughan
2624,0.696,0.304,Nicolas Elame
2625,0.702,0.298,Kenny Foster
2626,0.624,0.376,
2627,0.726,0.274,Carlos Paez
2628,0.55,0.45,
2629,0.522,0.478,Sean Bairstow
2630,0.514,0.486,
2631,0.64,0.36,John Olmsted
2632,0.702,0.298,Khalid Thomas
2633,0.842,0.158,Antavion Collum
2634,0.534,0.466,Zeb Graham
2635,0.538,0.462,Mason Gillis
2636,0.678,0.322,
2637,0.852,0.148,Dou Gueye
2638,0.91,0.09,
2639,0.506,0.494,Mike Peake
2640,0.528,0.472,Nick Ongenda
2641,0.508,0.492,
2642,0.806,0.194,Josh Navarro
2643,0.912,0.088,Matt Kormylo
2644,0.546,0.454,Charlie Easley
2645,1,0,
2646,0.39,0.61,
2647,0.406,0.594,
2648,0.982,0.018,Mattia Acunzo
2649,0.63,0.37,Issac McBride
2650,0.528,0.472,KJ Johnson
2651,0.69,0.31,Xavier Johnson
2652,0.472,0.528,
2653,0.82,0.18,
2654,0.518,0.482,Jeremy Sanchez
2655,0.702,0.298,
2656,0.494,0.506,
2657,0.684,0.316,Ke'Sean Davis
2658,0.996,0.004,Andrew Lewis
2659,0.582,0.418,Bryce Earle
2660,0.622,0.378,Qudus Wahab
2661,0.722,0.278,Timothy Ighoefe
2662,0.388,0.612,
2663,0.482,0.518,Malcolm Wilson
2664,0.49,0.51,
2665,0.904,0.096,Jon Coleman
2666,0.522,0.478,
2667,0.476,0.524,
2668,0.476,0.524,
2669,0.86,0.14,
2670,0.528,0.472,
2671,0.548,0.452,
2672,0.8,0.2,Drew Weikert
2673,0.54,0.46,Jalen Milner
2674,0.794,0.206,
2675,0.782,0.218,John Stansbury
2676,0.718,0.282,
2677,0.43,0.57,
2678,0.51,0.49,
2679,0.8,0.2,
2680,0.58,0.42,Ryan Heath
2681,0.454,0.546,James Sanders IV
2682,0.832,0.168,
2683,0.802,0.198,
2684,0.742,0.258,
2685,0.668,0.332,
2686,0.822,0.178,
2687,0.69,0.31,Mikal Dawson
2688,0.524,0.476,Santiago Vescovi
2689,0.498,0.502,JeMar Lincoln
2690,0.498,0.502,
2691,0.482,0.518,Chris Moore
2692,0.582,0.418,Nick Ferrarini
2693,0.848,0.152,Miles Coleman
2694,0.462,0.538,
2695,0.688,0.312,Nico Galette
2696,0.818,0.182,Mike Hood
2697,0.722,0.278,Fidelis Okereke
2698,0.522,0.478,Mwani Wilkinson
2699,0.728,0.272,Kris Murray
2700,0.718,0.282,DJ Davis
2701,0.508,0.492,
2702,0.552,0.448,Hunter Ruck
2703,0.774,0.226,Laurynas Vaistaras
2704,0.936,0.064,Jalen Brown
2705,0.536,0.464,
2706,0.982,0.018,Matthew Levis
2707,0.86,0.14,Jesper Granlund
2708,0.406,0.594,David Bohm
2709,0.508,0.492,Jahari Long
2710,0.992,0.008,Shaft Clark
2711,0.722,0.278,Dylan Addae-Wusu
2712,0.528,0.472,Jordan Wood
2713,0.656,0.344,Martez Robinson
2714,0.734,0.266,
2715,0.56,0.44,Thomas Weaver
2716,0.638,0.362,Chris Biekeu
2717,0.676,0.324,Travis Henson
2718,0.402,0.598,Noel Brown
2719,0.578,0.422,Dillon Jones
2720,0.414,0.586,Ishmael Leggett
2721,0.538,0.462,Frank Anselem
2722,0.762,0.238,Ryan Claflin
2723,0.596,0.404,Carlos Rosario
2724,0.508,0.492,Mike DiGiulio
2725,0.546,0.454,Quinlan Bennett
2726,0.482,0.518,
2727,0.702,0.298,Matthew Nicholson
2728,0.658,0.342,Ricardo Wright
2729,0.456,0.544,Hakim Byrd
2730,0.756,0.244,
2731,0.508,0.492,Raheim Sullivan
2732,0.468,0.532,Javon Cooley
2733,0.624,0.376,Toneari Lane
2734,0.498,0.502,Keaton Turner
2735,0.682,0.318,Kelton Talford
2736,0.45,0.55,Rayshon Harrison
2737,0.738,0.262,
2738,0.5,0.5,Jeremiah Williams
2739,0.814,0.186,Austin Inge
2740,0.89,0.11,Kobe Clark
2741,0.608,0.392,Quincy Ademokoya
2742,0.48,0.52,Jordan Davis
2743,0.55,0.45,Dwayne Walker
2744,0.5,0.5,Nicholas McMullen
2745,0.98,0.02,Rudi Williams
2746,0.916,0.084,Camren Pierce
2747,0.518,0.482,
2748,0.552,0.448,Trevon Allfrey
2749,0.992,0.008,Emad Elniel
2750,0.57,0.43,Connor Kochera
2751,0.456,0.544,Yuri Covington
2752,0.68,0.32,Andre Mulibea
2753,0.828,0.172,Frank Staine
2754,0.61,0.39,Jake Milkereit
2755,0.74,0.26,Cameron Gooden
2756,0.506,0.494,Keishon Porter
2757,0.848,0.152,Sawyer Wright
2758,0.446,0.554,Coleman Barranco
2759,0.982,0.018,Myles Hunter
2760,0.752,0.248,Joe Anderson
2761,0.68,0.32,Alexander Nwagha
2762,0.502,0.498,Tristan da Silva
2763,0.512,0.488,
2764,0.518,0.482,
2765,0.708,0.292,
2766,0.586,0.414,Craig Porter Jr.
2767,0.568,0.432,Levelle Zeigler
2768,0.784,0.216,Alec Oglesby
2769,0.586,0.414,Demetrius Terry
2770,0.55,0.45,Mason Madsen
2771,0.472,0.528,Gabe Madsen
2772,0.51,0.49,Tari Eason
2773,0.486,0.514,Jahmyl Telfort
2774,0.484,0.516,Malik Muhammad
2775,0.566,0.434,Mike Saunders Jr.
2776,0.858,0.142,Aundre Polk
2777,0.406,0.594,Cody Carlson
2778,0.568,0.432,
2779,0.54,0.46,Drake Dobbs
2780,0.664,0.336,Isaiah Johnson
2781,0.682,0.318,Tegra Izay
2782,0.698,0.302,Latrell Wrightsell Jr.
2783,0.508,0.492,Micaiah Abii
2784,0.82,0.18,Donovan Newby
2785,0.828,0.172,
2786,0.508,0.492,Logan McLaughlin
2787,0.548,0.452,Cameron Steele
2788,0.482,0.518,Jaylen Clark
2789,0.594,0.406,Jameson Richardson
2790,0.764,0.236,Keon Ambrose-Hylton
2791,0.492,0.508,Vasja Pandza
2792,0.666,0.334,
2793,0.796,0.204,DeMarr Langford Jr.
2794,0.746,0.254,Seybian Sims
2795,0.52,0.48,Tim Holland Jr.
2796,0.504,0.496,
2797,0.568,0.432,Deven Richmond
2798,0.508,0.492,Johnathan DeJurnett
2799,0.544,0.456,Richie Greaves
2800,0.812,0.188,Mohamed Diallo
2801,0.698,0.302,Jarvis Walker
2802,0.496,0.504,Tarig Eisa
2803,0.72,0.28,Kasen Harrison
2804,0.982,0.018,
2805,0.784,0.216,Isaiah Cottrell
2806,0.418,0.582,Lincoln Smith
2807,0.51,0.49,Trey South
2808,0.49,0.51,Kragen Bradley
2809,0.64,0.36,Jahvon Smith
2810,0.702,0.298,Marco Morency
2811,0.746,0.254,DJ Jackson
2812,0.478,0.522,Jamari Sibley
2813,0.508,0.492,T.J. Berger
2814,0.406,0.594,Caleb Love
2815,0.534,0.466,JonDarius Warren
2816,0.538,0.462,
2817,0.656,0.344,Hayden Curtiss
2818,0.742,0.258,Collin Holloway
2819,0.792,0.208,Coleman Hawkins
2820,0.488,0.512,Jackson Sivills
2821,0.558,0.442,Nijel Pack
2822,0.45,0.55,DJ Gordon
2823,0.792,0.208,Andre Henry
2824,0.416,0.584,Justice Hill
2825,0.522,0.478,Caleb Murphy
2826,0.982,0.018,Ze'Rik Onyema
2827,0.706,0.294,Jonathan Ned
2828,0.976,0.024,
2829,0.906,0.094,Myles Ruth
2830,0.516,0.484,
2831,0.504,0.496,Garvin Clarke
2832,0.676,0.324,Josh Taylor
2833,0.96,0.04,Klemen Vuga
2834,0.96,0.04,DeAndre Pinckney
2835,0.678,0.322,Kevin Williamson
2836,0.698,0.302,Giancarlo Rosado
2837,0.496,0.504,Winston Hill
2838,0.696,0.304,Jeremy Robinson
2839,0.716,0.284,Detalian Brown
2840,0.96,0.04,Will Soucie
2841,0.85,0.15,Tahlik Chavez
2842,0.648,0.352,Jamel Melvin
2843,0.526,0.474,Bryce Kennedy
2844,0.432,0.568,Chad Baker
2845,0.824,0.176,Deivon Smith
2846,0.376,0.624,Arnaud Revaz
2847,0.498,0.502,Andersson Garcia
2848,0.474,0.526,Luis Kortright
2849,0.476,0.524,D'Moi Hodge
2850,0.506,0.494,Abba Lawal
2851,0.512,0.488,Tymu Chenery
2852,0.536,0.464,Jayson Woodrich
2853,0.48,0.52,Yahel Hill
2854,0.48,0.52,Mabor Majak
2855,0.816,0.184,
2856,0.52,0.48,Tyler Moffe
2857,0.598,0.402,Silas Mason
2858,0.382,0.618,Deven Dahlke
2859,0.392,0.608,Josh Bannan
2860,0.44,0.56,Rodrigue Andela
2861,0.996,0.004,Noah Farrakhan
2862,0.728,0.272,Anwar Gill
2863,0.512,0.488,Robby Beasley
2864,0.502,0.498,Dean Reiber
2865,0.508,0.492,Landis Spivey
2866,0.482,0.518,Jhamir Brickus
2867,0.488,0.512,Russell Harrison
2868,0.528,0.472,Mike Miles
2869,0.744,0.256,Dante Harris
2870,0.5,0.5,
2871,0.456,0.544,
2872,0.544,0.456,
2873,0.562,0.438,TJ Taylor
2874,0.814,0.186,Terell Strickland
2875,0.616,0.384,Terrence Edwards
2876,0.514,0.486,Rondel Walker
2877,0.556,0.444,Michael Thomas
2878,0.766,0.234,Matthew-Alexander Moncrieffe
2879,0.468,0.532,
2880,0.972,0.028,Jabari Walker
2881,0.842,0.158,Tyree Ihenacho
2882,0.518,0.482,Mike Bekelja
2883,0.484,0.516,Mitchell Sueker
2884,0.754,0.246,Alex Vargo
2885,0.818,0.182,Cameron Smith
2886,0.502,0.498,Jonathan Davis
2887,0.686,0.314,D'Ante Bell
2888,0.744,0.256,Jalen Speer
2889,0.982,0.018,Robert Jeter
2890,0.83,0.17,
2891,0.674,0.326,Nate Martin
2892,0.468,0.532,Dylan Dawson
2893,0.492,0.508,Keith Littles
2894,0.988,0.012,
2895,0.838,0.162,
2896,0.696,0.304,
2897,0.498,0.502,
2898,0.434,0.566,Saba Gigiberia
2899,0.508,0.492,D'Avian Houston
2900,0.5,0.5,Shannon Grant
2901,0.75,0.25,Victor Radocaj
2902,0.562,0.438,Jalen White
2903,0.456,0.544,Clythus Griffith
2904,0.498,0.502,Terren Frank
2905,0.506,0.494,
2906,0.616,0.384,
2907,0.698,0.302,
2908,0.806,0.194,
2909,0.652,0.348,Richard Amaefule
2910,0.488,0.512,
2911,0.77,0.23,Bryce Thompson
2912,0.596,0.404,
2913,0.84,0.16,Tyon Grant-Foster
2914,0.588,0.412,Emmit Taylor III
2915,0.648,0.352,Latrell Jossell
2916,0.748,0.252,Andrew Carr
2917,0.508,0.492,Christopher Smith
2918,0.966,0.034,Ebenezer Dowuona
2919,0.67,0.33,Nik Stadelman
2920,0.552,0.448,Trey Galloway
2921,0.41,0.59,Mikal Starks
2922,0.616,0.384,
2923,0.788,0.212,Jacob Rice
2924,0.752,0.248,Tyron McMillan
2925,0.496,0.504,Jade Tse
2926,0.718,0.282,
2927,0.42,0.58,Bowen Born
2928,0.822,0.178,Cyrie Coates Jr.
2929,0.708,0.292,Donte Powers
2930,0.512,0.488,Ahmad Rand
2931,0.71,0.29,Kian Scroggins
2932,0.494,0.506,
2933,0.932,0.068,Kobe Stewart
2934,0.398,0.602,Nendah Tarke
2935,0.7,0.3,
2936,0.682,0.318,D'Rell Roberts
2937,0.382,0.618,Kendall Munson
2938,0.49,0.51,
2939,0.602,0.398,
2940,0.506,0.494,Jevon Tatum
2941,0.504,0.496,Dailin Smith
2942,0.51,0.49,London Riley
2943,0.566,0.434,Elias King
2944,0.488,0.512,JoVon McClanahan
2945,0.5,0.5,
2946,0.51,0.49,Andrew Welage
2947,0.704,0.296,Jalen Leach
2948,0.862,0.138,Adama Sanogo
2949,0.824,0.176,
2950,0.67,0.33,Jordan O'Neal
2951,0.778,0.222,Cheikh Faye
2952,0.488,0.512,Brendan Simmons
2953,0.662,0.338,Jamere Hill
2954,0.488,0.512,Akeem Odusipe
2955,0.346,0.654,Xavier Foster
2956,0.838,0.162,
2957,0.476,0.524,Jonathan Aybar
2958,0.468,0.532,Lynn Kidd
2959,0.638,0.362,Dawson Garcia
2960,0.554,0.446,Josh Berenbaum
2961,0.754,0.246,Jadyn Parker
2962,0.942,0.058,PJ Hall
2963,0.822,0.178,
2964,0.44,0.56,Luke Fizulich
2965,0.44,0.56,
2966,0.808,0.192,Emmanuel Ansong
2967,0.526,0.474,Monty Bowser
2968,0.546,0.454,Grant Huffman
2969,0.504,0.496,Abou Ousmane
2970,0.474,0.526,Michael Jones
2971,0.852,0.148,Dayvion McKnight
2972,0.498,0.502,Vukasin Masic
2973,0.568,0.432,
2974,0.694,0.306,
2975,0.98,0.02,Brent Davis
2976,0.764,0.236,Caleb McGill
2977,0.532,0.468,Jai Clark
2978,0.522,0.478,Deuce Guidry
2979,0.48,0.52,Trejan Davis
2980,0.648,0.352,Nighael Ceaser
2981,0.542,0.458,Graham Ike
2982,0.484,0.516,Andre Jackson
2983,0.536,0.464,Jalen Dalcourt
2984,0.666,0.334,Liam Lloyd
2985,0.49,0.51,Chance McMillian
2986,0.768,0.232,RJ Duhart
2987,0.46,0.54,Xavion Brown
2988,0.536,0.464,
2989,0.688,0.312,LaDamien Bradford
2990,0.502,0.498,Jaxson Robinson
2991,0.658,0.342,Hayden Hefner
2992,0.724,0.276,Tanor Ngom
2993,0.674,0.326,Sardaar Calhoun
2994,0.728,0.272,Quincy Ballard
2995,0.55,0.45,Jonah Carrasco
2996,0.462,0.538,Nicquel Blake
2997,0.77,0.23,Liam Sorensen
2998,0.524,0.476,Gianmarco Arletti
2999,0.716,0.284,
3000,0.43,0.57,Kam Farris
3001,0.534,0.466,Zool Kueth
3002,0.45,0.55,Adong Makuoi
3003,0.796,0.204,Teemu Suokas
3004,0.542,0.458,
3005,0.446,0.554,Enoch Cheeks
3006,0.426,0.574,Brady O'Connell
3007,0.494,0.506,Freddy Hicks
3008,0.43,0.57,Briggs McClain
3009,0.518,0.482,
3010,0.492,0.508,Devin Askew
3011,0.506,0.494,Brycen Long
3012,0.696,0.304,Xavier DuSell
3013,0.4,0.6,Trey Phipps
3014,0.534,0.466,Moussa Cisse
3015,0.478,0.522,Rasheed Browne
3016,0.436,0.564,Za-Ontay Boothman
3017,0.79,0.21,Tytan Anderson
3018,0.538,0.462,Walker Kessler
3019,0.518,0.482,Le'Tre Darthard
3020,0.834,0.166,Markhi Strickland
3021,0.822,0.178,Carson Ryan
3022,0.48,0.52,Griff Hopkins
3023,0.51,0.49,Nate Pryor
3024,0.51,0.49,Beon Riley
3025,0.55,0.45,Ryan Kalkbrenner
3026,0.654,0.346,Jeremiah Francis III
3027,0.784,0.216,Rollie Worster
3028,0.488,0.512,Darlinstone Dubar
3029,0.538,0.462,Julian Larry
3030,0.842,0.158,Cameron Holden
3031,0.834,0.166,Mason Archambault
3032,0.65,0.35,Morrell Schramm
3033,0.542,0.458,Jaden Walker
3034,0.744,0.256,Collin Moore
3035,0.51,0.49,Danny Kolp
3036,0.512,0.488,Cam Bryant
3037,0.84,0.16,Darius Miles
3038,0.668,0.332,Keon Ellis
3039,0.714,0.286,Eric Reed Jr.
3040,0.62,0.38,Isaiah Amato
3041,0.604,0.396,Ryan Rollins
3042,0.554,0.446,"Kenneth Lofton, Jr."
3043,0.882,0.118,Eugene Brown III
3044,0.696,0.304,Melvyn Ebonkoli
3045,0.67,0.33,Skylar Wicks
3046,0.516,0.484,Kenny Hunter
3047,0.536,0.464,Bryce McBride
3048,0.44,0.56,Setric Millner Jr.
3049,0.46,0.54,Toby Okani
3050,0.71,0.29,Tyson Acuff
3051,0.546,0.454,Dezmond McKinney
3052,0.516,0.484,Kaden Metheny
3053,0.636,0.364,Zion Bethea
3054,0.44,0.56,Shawndarius Cowart
3055,0.384,0.616,David Green
3056,0.824,0.176,Cam Young
3057,0.444,0.556,Courtney Carter
3058,0.892,0.108,
3059,0.838,0.162,Frank Jakubicek
3060,0.848,0.152,Brandyn Talbot
3061,0.466,0.534,Abdou Tsimbila
3062,0.552,0.448,Joey Madimba
3063,0.484,0.516,B.J. Greenlee
3064,0.598,0.402,Leo Colimerio
3065,0.752,0.248,
3066,0.962,0.038,Destin Whitaker
3067,0.714,0.286,Braxton Meah
3068,0.58,0.42,Kyle Harding
3069,0.648,0.352,Jamal Shead
3070,0.524,0.476,CJ Huntley
3071,0.52,0.48,Tramon Mark
3072,0.44,0.56,Michael Ofoegbu
3073,0.538,0.462,Max Murrell
3074,0.714,0.286,Sasha Glushkov
3075,0.572,0.428,Michael O'Connell
3076,0.516,0.484,Daniel Foster
3077,0.582,0.418,Ryan Elvin
3078,0.404,0.596,Eddie Lampkin Jr.
3079,0.384,0.616,Austin Cook
3080,0.482,0.518,Robert Ford III
3081,0.538,0.462,Jordan Ivy-Curry
3082,0.802,0.198,Davion Bradford
3083,0.588,0.412,Caleb Dorsey
3084,0.67,0.33,Gethro Muscadin
3085,0.482,0.518,Jalen Terry
3086,0.476,0.524,James Hand V
3087,0.78,0.22,
3088,0.646,0.354,Joe Hampton
3089,0.722,0.278,Jadon Jones
3090,0.7,0.3,Josh O'Garro
3091,0.444,0.556,Jermaine Marshall
3092,0.562,0.438,Justin Johnson
3093,0.582,0.418,
3094,0.512,0.488,Myles Foster
3095,0.636,0.364,Deanthony Tipler
3096,0.692,0.308,Jack Holmstrom
3097,0.698,0.302,Gedi Juozapaitis
3098,0.444,0.556,Lance Ware
3099,0.796,0.204,
3100,0.498,0.502,
3101,0.474,0.526,Ty Berry
3102,0.428,0.572,Cam'Ron Fletcher
3103,0.644,0.356,AJ Gray
3104,0.572,0.428,Chris Greene
3105,0.688,0.312,Kentrell Garnett
3106,0.604,0.396,Judah Brown
3107,0.666,0.334,Nate Heise
3108,0.468,0.532,Jarren Cook
3109,0.66,0.34,Justin Hill
3110,0.71,0.29,Chaunce Jenkins
3111,0.5,0.5,Keith Dinwiddie Jr.
3112,0.998,0.002,Alex Peterson
3113,0.668,0.332,
3114,0.508,0.492,Brandon Stroud
3115,0.462,0.538,Gage Gomez
3116,0.67,0.33,
3117,0.624,0.376,John Hugley
3118,0.446,0.554,Elton Walker
3119,0.712,0.288,Noah Collier
3120,0.52,0.48,Femi Odukale
3121,0.484,0.516,JaDun Michael
3122,0.516,0.484,Colin Granger
3123,0.474,0.526,Rifen Miguel
3124,0.522,0.478,JT Shumate
3125,0.458,0.542,Jalin Anderson
3126,0.934,0.066,Christian Shumate
3127,0.604,0.396,
3128,0.51,0.49,Woody Newton
3129,0.622,0.378,E.J. Clark
3130,0.486,0.514,
3131,0.524,0.476,
3132,0.472,0.528,Jackson Ames
3133,0.844,0.156,Jace Howard
3134,0.756,0.244,Max Burchill
3135,0.544,0.456,Cem Kirciman
3136,0.63,0.37,Taj Thweatt
3137,0.416,0.584,Michael Matas
3138,0.472,0.528,Josiah Fulcher
3139,0.646,0.354,Fah'Mir Ali
3140,0.712,0.288,Caleb Huffman
3141,0.994,0.006,RJ Glasper
3142,0.528,0.472,
3143,0.802,0.198,Chris Osten
3144,0.556,0.444,Griffin Yaklich
3145,0.68,0.32,Marcus Bagley
3146,0.492,0.508,William Jeffress Jr.
3147,0.77,0.23,Mawot Mag
3148,0.648,0.352,Courvoisier McCauley
3149,0.522,0.478,Kobe Elvis
3150,0.534,0.466,
3151,0.542,0.458,
3152,0.584,0.416,Jason Spurgin
3153,0.532,0.468,Myles Wilmoth
3154,0.504,0.496,Chuck Harris
3155,0.82,0.18,Nick Fleming
3156,0.584,0.416,Boubacar Coulibaly
3157,0.756,0.244,Kyle Karstetter
3158,0.488,0.512,Kyndall Davis
3159,0.724,0.276,Anthony Kabala
3160,0.504,0.496,
3161,0.668,0.332,Creighton Lebo
3162,0.698,0.302,Will Carius
3163,0.446,0.554,Marty Silvera
3164,0.522,0.478,Charles Mendys
3165,0.484,0.516,Jake kosakowski
3166,0.564,0.436,Bryce Pope
3167,0.998,0.002,Joe Moon IV
3168,0.446,0.554,Elijah Wood
3169,0.51,0.49,Alex Huibregste
3170,0.482,0.518,Eduardo Andre
3171,0.866,0.134,Lu'Cye Patterson
3172,0.494,0.506,Nelly Junior Joseph
3173,0.48,0.52,Lj Cryer
3174,0.558,0.442,
3175,0.438,0.562,Saquan Singleton
3176,0.996,0.004,Shaquan Jules
3177,0.424,0.576,Quentin Hodge
3178,0.532,0.468,Zach Loveday
3179,0.478,0.522,Xavier Lipscomb
3180,0.754,0.246,
3181,0.518,0.482,Bobby Harvey
3182,0.478,0.522,Dawson Baker
3183,0.642,0.358,Isaiah Wilson
3184,0.524,0.476,Sam Towns
3185,0.52,0.48,Demarcus Sharp
3186,0.606,0.394,Raphe Ayres
3187,0.802,0.198,Drake Jeffries
3188,0.682,0.318,Zed Key
3189,0.772,0.228,Cameron Matthews
3190,0.582,0.418,Grant Coleman
3191,0.466,0.534,
3192,0.518,0.482,Tony Toney
3193,0.486,0.514,Justin Lewis
3194,0.498,0.502,Oso Ighodaro
3195,0.524,0.476,Terence Lewis II
3196,0.548,0.452,Simeon Kirkland
3197,0.438,0.562,Dylan Engler
3198,0.474,0.526,Chaz Lanier
3199,0.574,0.426,Jacob Crews
3200,0.526,0.474,Gabe O'Neal
3201,0.428,0.572,Jalen Harris
3202,0.532,0.468,Theo Hughes
3203,0.466,0.534,JJ Platt
3204,0.498,0.502,Wil Tattersall
3205,0.524,0.476,Desmond Polk
3206,0.524,0.476,Aidan Fisch
3207,0.982,0.018,Khalen Robinson
3208,0.496,0.504,Paris Dawson
3209,0.558,0.442,Keith Lamar
3210,0.516,0.484,Kiimani Holt
3211,0.674,0.326,GianCarlo Valdez
3212,0.844,0.156,Teiano Hardee
3213,0.594,0.406,LeChaun DuHart
3214,0.858,0.142,Matias Prock
3215,0.524,0.476,Adefolalrin Adetogun
3216,0.576,0.424,Kyle LeGreair
3217,0.464,0.536,Jonathan Komagum
3218,0.712,0.288,Te'Jon Sawyer
3219,0.708,0.292,Shamir Bogues
3220,0.508,0.492,Devon House
3221,0.51,0.49,Steven Verplancken Jr.
3222,0.598,0.402,Carlton Linguard Jr.
3223,0.42,0.58,Ben Carlson
3224,0.652,0.348,
3225,0.772,0.228,Jabe Mullins
3226,0.53,0.47,Steven Crowl
3227,0.65,0.35,Mitchell Saxen
3228,0.766,0.234,K.J. McClurg
3229,0.52,0.48,Chris Childs
3230,0.734,0.266,Leemet Bockler
3231,0.5,0.5,Thomas Howell
3232,0.526,0.474,Mikey Howell
3233,0.71,0.29,Jace Roquemore
3234,0.396,0.604,Justin Pratt
3235,0.458,0.542,Toni Rocak
3236,0.554,0.446,Kaden Rasheed
3237,0.514,0.486,Javion May
3238,0.496,0.504,Donavan Yap
3239,0.984,0.016,
3240,0.874,0.126,Che Evans
3241,0.508,0.492,
3242,0.816,0.184,Eoin Nelson
3243,0.656,0.344,Jeremiah Oden
3244,0.824,0.176,John Treanor
3245,0.778,0.222,Peyton Urbancic
3246,0.546,0.454,D'Maurian Williams
3247,0.806,0.194,"Colin Golson, Jr."
3248,0.764,0.236,Jamaine Mann
3249,0.618,0.382,Phillip Russell
3250,0.544,0.456,Trey Hall
3251,0.982,0.018,Marques Warrick
3252,0.512,0.488,Luke House
3253,0.492,0.508,D'Marcus Hall
3254,0.454,0.546,Darrick Jones Jr.
3255,0.646,0.354,
3256,0.49,0.51,
3257,0.546,0.454,
3258,0.756,0.244,Trey Robinson
3259,0.394,0.606,
3260,0.456,0.544,Jordan Sears
3261,0.472,0.528,Garrett Hien
3262,0.486,0.514,Lou Demuth
3263,0.602,0.398,Coleman Stucke
3264,0.592,0.408,Freddie Dybala
3265,0.552,0.448,Jaelen McGlone
3266,0.634,0.366,Jaron Williams
3267,0.516,0.484,Drew Thelwell
3268,0.604,0.396,Tekorian Smith
3269,0.82,0.18,Alex Kotov
3270,0.484,0.516,Johni Broome
3271,0.488,0.512,Kasen Jennings
3272,0.634,0.366,Jacob Nicolds
3273,0.582,0.418,Nate Lacewell
3274,0.458,0.542,Trent Hudgens Jr.
3275,0.524,0.476,Michael Eads
3276,0.452,0.548,Sebastian Mendoza
3277,0.65,0.35,Kirshon Thrash
3278,0.862,0.138,Efe Abogidi
3279,0.43,0.57,Godsgift Ezedinma
3280,0.508,0.492,Brayan Au
3281,0.702,0.298,Javontae Hopkins
3282,0.53,0.47,Tobin Kund
3283,0.64,0.36,Maj Dusanic
3284,0.51,0.49,
3285,0.698,0.302,R.J. Blakney
3286,0.674,0.326,Malik Wade
3287,0.512,0.488,Trey Thomas
3288,0.706,0.294,Churchill Bounds
3289,0.41,0.59,Kayo Goncalves
3290,0.758,0.242,
3291,0.418,0.582,Erickson Bans
3292,0.468,0.532,Donovan Williams
3293,0.416,0.584,Jovan Tucker
3294,0.388,0.612,Kasparas Jonauskas
3295,0.744,0.256,Kenneth Womack
3296,0.568,0.432,
3297,0.854,0.146,Naseem Khalid
3298,0.45,0.55,
3299,0.658,0.342,Jaron Pierre Jr.
3300,0.702,0.298,
3301,0.506,0.494,Justin Wright
3302,0.53,0.47,Isaiah Addo-Ankrah
3303,0.486,0.514,
3304,0.818,0.182,Artan Jabbar
3305,0.486,0.514,Jonathan Bolden
3306,0.674,0.326,DeAndre Henry
3307,0.442,0.558,Colby Jones
3308,0.478,0.522,Malik Henry
3309,0.906,0.094,Gedeon Buzangu
3310,0.476,0.524,Kasean Pryor
3311,0.83,0.17,Mady Sissoko
3312,0.966,0.034,Jamie Bergens
3313,0.634,0.366,Ethan Kilgore
3314,0.828,0.172,Tanner Christensen
3315,0.51,0.49,
3316,0.692,0.308,Burke Smith
3317,0.718,0.282,
3318,0.522,0.478,Malique Jacobs
3319,0.68,0.32,Mark Sears
3320,0.558,0.442,Jordan Hall
3321,0.81,0.19,Vince Cole
3322,0.746,0.254,Posh Alexander
3323,0.652,0.348,Aidan Carpenter
3324,0.488,0.512,Jaemyn Brakefield
3325,0.462,0.538,Emorie Knox
3326,0.804,0.196,Matt Cross
3327,0.608,0.392,Tony Sanders Jr.
3328,0.612,0.388,Darius Burford
3329,0.532,0.468,Keegan Harvey
3330,0.466,0.534,Earl Timberlake
3331,0.41,0.59,Tristan Ikpe
3332,0.444,0.556,Michael Graham
3333,0.802,0.198,Ashton Myles-Devore
3334,0.502,0.498,Kylen Milton
3335,0.842,0.158,Keshawn Williams
3336,0.538,0.462,Jacob Falko
3337,0.798,0.202,Mardrez McBride
3338,0.512,0.488,Jordan Polynice
3339,0.476,0.524,Rubin Jones
3340,0.48,0.52,
3341,0.804,0.196,Shemar Rathan-Mayes
3342,0.514,0.486,
3343,0.918,0.082,Boogie Anderson
3344,0.97,0.03,
3345,0.574,0.426,Brantly Stevenson
3346,0.372,0.628,Dontrell McQuarter
3347,0.712,0.288,Steven Ashworth
3348,0.644,0.356,Alijah Martin
3349,0.538,0.462,VonCameron Davis
3350,0.856,0.144,Dylan Robertson
3351,0.494,0.506,
3352,0.888,0.112,TJ Bamba
3353,0.742,0.258,Mario Fantina
3354,0.514,0.486,Will Ferguson
3355,0.86,0.14,Josh Morgan
3356,0.562,0.438,
3357,0.458,0.542,
3358,0.784,0.216,
3359,0.74,0.26,Rashad Holmes
3360,0.476,0.524,Justin Vander Baan
3361,0.67,0.33,Matas Spokas
3362,0.494,0.506,Samkelo Cele
3363,0.774,0.226,Quest Harris
3364,0.698,0.302,Devin Davis
3365,0.518,0.482,Mike Sixsmith
3366,0.872,0.128,Lazar Grbovic
3367,0.422,0.578,Lado Laku
3368,0.536,0.464,Drew Daniel
3369,0.526,0.474,Omar Parchman
3370,0.59,0.41,Marcellus Vail
3371,0.512,0.488,A.J. Staton-McCray
3372,0.706,0.294,
3373,0.706,0.294,Matthew Murrell
3374,0.89,0.11,Kj Riley
3375,0.492,0.508,Tajah Fraley
3376,0.964,0.036,Travonte Doolittle
3377,0.602,0.398,Byron Joshua
3378,0.806,0.194,Zach Edey
3379,0.9,0.1,Eric Boone
3380,0.82,0.18,
3381,0.45,0.55,Marcus Fitzgerald Jr.
3382,0.496,0.504,Giancarlo Sanchez
3383,0.68,0.32,Petar Krivokapic
3384,0.466,0.534,Javaunte Hawkins
3385,0.792,0.208,K.D. Johnson
3386,0.52,0.48,
3387,0.596,0.404,Demetric Horton
3388,0.83,0.17,Darweshi Hunter
3389,0.936,0.064,Tanner Mans
3390,0.816,0.184,Caleb Byrd
3391,0.65,0.35,Jacob Hutson
3392,0.778,0.222,Luis Rolon
3393,0.982,0.018,Victor Rosa
3394,0.534,0.466,Jackson Threadgill
3395,0.724,0.276,Noah Hupmann
3396,0.61,0.39,Zach Anderson
3397,0.992,0.008,Nate Johnson
3398,0.986,0.014,Jake Evans
3399,0.982,0.018,Jamel Horton
